date, pm25, pm10, o3, no2, so2, co
2020/7/2, 30, 19, 4, , , 8
2020/7/3, 28, 12, 4, , , 8
2020/7/4, 22, 15, 4, , , 8
2020/7/5, 20, 29, 4, , , 8
2020/7/6, 32, 34, 4, , , 8
2020/7/7, 39, 31, 4, , , 8
2020/7/8, 31, 33, 4, , , 8
2020/7/9, 33, 30, 4, , , 8
2020/7/10, 35, 26, 4, , , 8
2020/7/11, 32, 25, 4, , , 8
2020/7/12, 35, 19, 4, , , 9
2020/7/13, 29, 23, 4, , , 9
2020/7/14, 29, 20, 4, , , 10
2020/7/15, 29, 16, 4, , , 9
2020/7/16, 24, 14, 4, , , 9
2020/7/17, 22, 24, 4, , , 10
2020/7/18, 32, 27, 4, , , 9
2020/7/19, 39, 28, 4, , , 9
2020/7/20, 36, 28, 4, , , 9
2020/7/21, 35, 27, 4, , , 9
2020/7/22, 38, 24, 4, , , 9
2020/7/23, 35, 22, 4, , , 9
2020/7/24, 31, 27, 4, , , 10
2020/7/25, 38, 42, 4, , , 12
2020/7/26, 66, , , , , 
2020/6/2, 41, , , , , 
2020/6/7, 40, 23, 4, , 4, 8
2020/6/8, 36, 23, 4, , 4, 8
2020/6/9, 35, 21, 4, , 4, 8
2020/6/10, 37, 24, 4, , 4, 8
2020/6/11, 37, 24, 4, , 1, 8
2020/6/12, 35, 20, 4, , , 8
2020/6/13, 40, 17, 4, , , 8
2020/6/14, 32, 18, 4, , , 8
2020/6/15, 34, 23, 4, , , 8
2020/6/16, 30, 19, 4, , , 8
2020/6/17, 31, 16, 4, , , 9
2020/6/18, 49, 27, 4, , , 9
2020/6/19, 38, 40, 4, , , 9
2020/6/20, 54, 34, 4, , , 8
2020/6/21, 43, 33, 4, , , 8
2020/6/22, 38, 39, 4, , , 8
2020/6/23, 46, 26, 4, , , 9
2020/6/24, 39, 21, 4, , , 8
2020/6/25, 37, 28, 4, , , 8
2020/6/26, 43, 28, 4, , , 8
2020/6/27, 40, 40, 4, , , 8
2020/6/28, 49, 28, 4, , , 8
2020/6/29, 42, 20, 4, , , 8
2020/6/30, 24, 16, 4, , , 8
2020/7/1, 22, 19, 4, , , 9
2020/5/2, 105, 38, , , 34, 8
2020/5/3, 104, 44, , , 36, 8
2020/5/4, 101, 39, , , 37, 8
2020/5/5, 100, 44, , , 40, 7
2020/5/6, 96, 38, , , 41, 7
2020/5/7, 100, 43, , , 36, 8
2020/5/8, 111, 44, , , 35, 7
2020/5/9, 106, 51, , , 41, 7
2020/5/10, 104, 43, , , 45, 7
2020/5/11, 109, 44, , , 33, 9
2020/5/12, 97, 37, , , 38, 7
2020/5/13, 95, 40, , , 41, 7
2020/5/14, 103, 43, 4, , 17, 5
2020/5/15, 100, 60, 4, , 12, 5
2020/5/16, 116, 78, 4, , 10, 5
2020/5/17, 135, 64, 4, , 12, 5
2020/5/18, 117, 61, 3, 3, 12, 4
2020/5/19, 109, 68, 3, 3, 12, 4
2020/5/20, 121, 70, 3, 5, 13, 4
2020/5/21, 124, 74, 4, 6, 14, 4
2020/5/22, 136, 65, 4, 3, 13, 4
2020/5/23, 116, 68, 4, 2, 10, 4
2020/5/24, 116, 74, 4, 1, 10, 4
2020/5/25, 124, 64, 3, 5, 12, 4
2020/5/26, 116, 76, 3, 1, 12, 4
2020/5/27, 138, 72, 4, 1, 7, 4
2020/5/28, 90, 68, 4, 1, 10, 5
2020/5/29, 137, 19, 4, , , 6
2020/5/30, 26, 42, 4, , , 8
2020/5/31, 71, 38, 4, , , 10
2020/6/1, 55, 32, 4, , , 8
2020/4/2, 58, 46, 8, 3, 11, 8
2020/4/3, 60, 48, 6, 4, 12, 8
2020/4/4, 58, 49, 3, 4, 10, 8
2020/4/5, 55, 53, 3, 4, 10, 8
2020/4/6, 62, 39, , 1, 11, 7
2020/4/7, 52, 58, , 1, 12, 7
2020/4/8, 59, 54, , 1, 12, 7
2020/4/9, 69, 55, , 1, 12, 7
2020/4/10, 65, 49, , 1, 11, 7
2020/4/11, 57, 47, , 1, 11, 7
2020/4/12, 57, 54, , 1, 12, 7
2020/4/13, 55, 50, , 1, 11, 8
2020/4/14, 58, 51, , 1, 11, 8
2020/4/15, 61, 47, , 1, 12, 8
2020/4/16, 59, 32, , 1, 11, 7
2020/4/17, 53, 33, , 1, 11, 7
2020/4/18, 50, 38, , 1, 10, 7
2020/4/19, 46, 41, , 1, 11, 7
2020/4/20, 48, 45, , 1, 11, 8
2020/4/21, 53, 40, , 1, 11, 7
2020/4/22, 51, 38, , 1, 13, 7
2020/4/23, 64, 44, , , 16, 9
2020/4/24, 64, 43, , , 19, 10
2020/4/25, 116, 41, , , 26, 9
2020/4/26, 100, 44, , , 30, 9
2020/4/27, 98, 42, , , 32, 9
2020/4/28, 97, 37, , , 31, 9
2020/4/29, 93, 38, , , 33, 9
2020/4/30, 99, 43, , , 33, 8
2020/5/1, 116, 44, , , 33, 8
2020/3/2, 82, , , , , 
2020/3/5, 72, 61, 12, 22, 8, 14
2020/3/6, 76, 53, 17, 14, 7, 12
2020/3/7, 61, 65, 11, 15, 7, 14
2020/3/8, 71, 64, 16, 27, 8, 17
2020/3/9, 65, 69, 16, 22, 7, 16
2020/3/10, 81, 51, 16, 20, 7, 17
2020/3/11, 72, 38, 16, 13, 7, 14
2020/3/12, 48, 44, 13, 17, 6, 14
2020/3/13, 62, 59, 15, 20, 6, 14
2020/3/14, 77, 70, 18, 24, 6, 15
2020/3/15, 75, 94, 25, 41, 7, 20
2020/3/16, 101, 96, 29, 53, 8, 24
2020/3/17, 121, 101, 33, 57, 10, 27
2020/3/18, 129, 75, 41, 39, 9, 13
2020/3/19, 96, 52, 18, 28, 9, 10
2020/3/20, 78, 29, 17, 10, 9, 8
2020/3/21, 65, 42, 14, 16, 10, 8
2020/3/22, 60, 39, 21, 12, 10, 8
2020/3/23, 68, 35, 20, 11, 10, 8
2020/3/24, 61, 62, 30, 13, 10, 8
2020/3/25, 75, 46, 38, 10, 11, 9
2020/3/26, 79, 47, 20, 10, 11, 8
2020/3/27, 54, 34, 12, 7, 12, 8
2020/3/28, 62, 37, 14, 9, 11, 8
2020/3/29, 59, 39, 17, 6, 11, 8
2020/3/30, 54, 45, 15, 6, 11, 8
2020/3/31, 57, 49, 9, 5, 10, 8
2020/4/1, 59, 36, 6, 4, 11, 8
2020/2/2, 124, , 10, 1, , 32
2020/2/3, 128, , 12, 1, , 34
2020/2/4, 124, , 8, 1, , 35
2020/2/5, 118, , 15, 1, , 33
2020/2/6, 125, , 15, 1, , 34
2020/2/7, 90, , 14, 1, , 34
2020/2/8, 95, , 15, 1, , 35
2020/2/9, 121, , 9, 1, , 34
2020/2/10, 123, , 9, 1, , 35
2020/2/11, 113, , 18, 1, , 34
2020/2/12, 123, 18, 45, 35, 3, 27
2020/2/13, 113, , 100, 60, 4, 22
2020/2/14, 118, 45, 138, 48, 4, 20
2020/2/15, 125, 64, 30, 25, 5, 19
2020/2/16, 105, 86, 53, 24, 5, 19
2020/2/17, 118, 102, 50, 46, 6, 24
2020/2/18, 152, 102, 57, 54, 7, 25
2020/2/19, 140, 100, 47, 48, 7, 27
2020/2/20, 138, 68, 30, 33, 8, 20
2020/2/21, 106, 56, 36, 30, 7, 17
2020/2/22, 75, 80, 40, 35, 7, 19
2020/2/23, 123, 88, 45, 46, 7, 25
2020/2/24, 124, 90, 56, 50, 7, 21
2020/2/25, 136, 75, 38, 54, 7, 23
2020/2/26, 103, 83, 40, 45, 6, 20
2020/2/27, 93, 78, 40, 55, 7, 22
2020/2/28, 108, 104, 48, 66, 8, 28
2020/2/29, 131, 91, 22, 55, 8, 24
2020/3/1, 118, 50, 10, 18, 7, 17
2020/1/2, 131, 76, 14, 12, 7, 21
2020/1/3, 136, 59, 37, 11, 6, 20
2020/1/4, 140, 37, 21, 10, 2, 18
2020/1/5, 128, 30, 16, 13, 2, 22
2020/1/6, 133, 35, 18, 15, 3, 22
2020/1/7, 124, 74, 15, 15, 5, 24
2020/1/8, 132, 55, 22, 12, 10, 20
2020/1/9, 112, 62, 83, 16, 10, 22
2020/1/10, 119, 75, 18, 19, 14, 23
2020/1/11, 127, 82, 18, 21, 17, 27
2020/1/12, 133, 167, 23, 21, 16, 34
2020/1/13, 128, 4, 20, 13, 14, 21
2020/1/14, 96, , 18, 11, 12, 18
2020/1/15, 68, , 18, 11, 9, 19
2020/1/16, 77, , 14, 13, 7, 20
2020/1/17, 74, , 20, 13, 5, 21
2020/1/18, 111, , 19, 16, 5, 26
2020/1/19, 137, , 20, 17, 8, 26
2020/1/20, 137, , 18, 17, 12, 34
2020/1/21, 150, , 16, 20, 12, 38
2020/1/22, 149, , 17, 21, 14, 41
2020/1/23, 141, , 15, 16, 14, 35
2020/1/24, 144, , 16, 17, 13, 32
2020/1/25, 123, , 25, 14, 14, 32
2020/1/26, 142, , 25, 17, 13, 34
2020/1/27, 139, , 24, 6, 11, 22
2020/1/28, 96, , 500, 1, 5, 21
2020/1/29, 68, , 8, 1, , 25
2020/1/30, 59, , 10, 1, , 28
2020/1/31, 110, , 12, 1, , 30
2020/2/1, 112, , 17, 1, , 30
2019/10/2, 37, , 4, 6, 2, 18
2019/10/3, 62, , 5, 6, 2, 19
2019/10/4, 67, 38, 5, 8, 2, 20
2019/10/5, 64, 51, 5, 10, 2, 24
2019/10/6, 81, 50, 5, 10, 2, 24
2019/10/7, 78, 52, 5, 9, 2, 21
2019/10/8, 92, 56, 5, 8, 2, 21
2019/10/9, 103, 38, 5, 10, 2, 20
2019/10/10, 66, 54, 5, 10, 2, 23
2019/10/11, 90, 45, 5, 11, 2, 22
2019/10/12, 77, 59, 5, 10, 2, 22
2019/10/13, 94, 52, 5, 10, 2, 25
2019/10/14, 86, 63, 6, 11, 2, 24
2019/10/15, 112, 65, 5, 14, 2, 24
2019/10/16, 114, 71, 5, 17, 2, 27
2019/10/17, 123, 68, 5, 13, 2, 26
2019/10/18, 130, 73, 5, 14, 2, 28
2019/10/19, 114, 41, 5, 12, 2, 31
2019/10/20, 73, 31, 5, 11, 2, 29
2019/10/21, 58, 36, 5, 9, 2, 28
2019/10/22, 59, 44, 5, 8, 2, 23
2019/10/23, 63, 35, 5, 9, 2, 27
2019/10/24, 61, 52, 5, 10, 2, 30
2019/10/25, 85, 49, 5, 10, 2, 30
2019/10/26, 69, 59, 5, 9, 3, 29
2019/10/27, 75, 54, 5, 9, 3, 32
2019/10/28, 88, 58, 5, 8, 2, 25
2019/10/29, 109, 65, 4, 8, 2, 24
2019/10/30, 114, 62, 5, 9, 2, 27
2019/10/31, 103, 68, 5, 11, 4, 31
2019/11/1, 113, 56, 8, 29, 5, 28
2019/11/2, 158, 52, 7, 32, 4, 27
2019/11/3, 67, 44, 8, 33, 3, 29
2019/11/4, 61, 50, 8, 26, 3, 29
2019/11/5, 79, 47, 9, 27, 3, 30
2019/11/6, 82, 61, 8, 26, 3, 32
2019/11/7, 107, 38, 8, 20, 3, 29
2019/11/8, 57, 26, 8, 19, 3, 27
2019/11/9, 44, 49, 8, 25, 3, 30
2019/11/10, 69, 61, 9, 24, 3, 33
2019/11/11, 98, 62, 11, 27, 3, 35
2019/11/12, 114, 66, 19, 30, 3, 37
2019/11/13, 121, 68, 10, 34, 3, 28
2019/11/14, 124, 67, 12, 30, 3, 19
2019/11/15, 117, 71, 11, 31, 4, 20
2019/11/16, 132, 70, 14, 27, 4, 19
2019/11/17, 154, 67, 15, 27, 3, 21
2019/11/18, 126, 67, 17, 26, 4, 20
2019/11/19, 131, 81, 23, 31, 4, 25
2019/11/20, 138, 81, 17, 26, 4, 26
2019/11/21, 135, 86, 13, 30, 4, 25
2019/11/22, 130, 98, 16, 35, 4, 26
2019/11/23, 132, 71, 16, 30, 4, 25
2019/11/24, 126, 71, 20, 27, 4, 24
2019/11/25, 123, 54, 18, 26, 4, 24
2019/11/26, 145, 80, 11, 30, 5, 30
2019/11/27, 139, 55, 6, 24, 4, 20
2019/11/28, 91, 84, 11, 27, 4, 25
2019/11/29, 113, 85, 7, 26, 12, 28
2019/11/30, 132, 80, 44, 25, 4, 23
2019/12/1, 106, 81, 14, 22, 3, 29
2019/12/2, 134, 87, 8, 20, 4, 25
2019/12/3, 138, 51, 8, 21, 4, 26
2019/12/4, 92, 52, 9, 20, 5, 24
2019/12/5, 104, 72, 11, 20, 4, 26
2019/12/6, 112, 60, 9, 22, 5, 31
2019/12/7, 122, 66, 17, 21, 6, 28
2019/12/8, 118, 65, 22, 23, 8, 29
2019/12/9, 116, 81, 19, 19, 14, 31
2019/12/10, 115, 37, 18, 18, 18, 32
2019/12/11, 111, 67, 16, 14, 22, 31
2019/12/12, 126, 66, 22, 16, 22, 32
2019/12/13, 120, 224, 16, 17, 22, 30
2019/12/14, 95, 51, 16, 13, 23, 31
2019/12/15, 108, 53, 17, 15, 23, 34
2019/12/16, 116, 75, 16, 15, 24, 40
2019/12/17, 135, 67, 13, 16, 17, 26
2019/12/18, 130, 68, 10, 16, 9, 14
2019/12/19, 113, 70, 12, 16, 8, 16
2019/12/20, 121, 77, 14, 18, 8, 20
2019/12/21, 134, 79, 10, 20, 8, 21
2019/12/22, 133, 77, 10, 18, 8, 23
2019/12/23, 132, 78, 14, 16, 10, 19
2019/12/24, 142, 82, 13, 17, 9, 19
2019/12/25, 156, 85, 9, 16, 10, 19
2019/12/26, 157, 48, 10, 12, 10, 16
2019/12/27, 124, 71, 12, 14, 10, 13
2019/12/28, 144, 74, 11, 14, 6, 19
2019/12/29, 116, 78, 12, 13, 6, 22
2019/12/30, 117, , , , , 
2019/7/2, 38, 29, 6, 12, 12, 23
2019/7/3, 45, 39, 6, 8, 12, 21
2019/7/4, 44, 61, 6, 7, 12, 22
2019/7/5, 53, 65, 6, 8, 12, 20
2019/7/6, 45, 44, 6, 8, 12, 18
2019/7/7, 42, 59, 6, 7, 12, 18
2019/7/8, 46, 54, 5, 8, 12, 18
2019/7/9, 46, 46, 6, 8, 12, 18
2019/7/10, 44, 33, 6, 7, 20, 18
2019/7/11, 44, 46, 6, 6, , 19
2019/7/12, 58, 51, 6, 6, , 19
2019/7/13, 64, 46, 6, 6, , 19
2019/7/14, 48, 46, 5, 6, , 19
2019/7/15, 38, 46, 5, 6, , 19
2019/7/16, 44, 49, 6, 6, , 19
2019/7/17, 44, 49, 5, 5, , 19
2019/7/18, 56, 49, 5, 6, 8, 19
2019/7/19, 51, 54, 5, 5, 9, 20
2019/7/20, 53, 55, 5, 5, 9, 22
2019/7/21, 57, 46, 5, 6, 8, 23
2019/7/22, 57, 51, 6, 7, 7, 22
2019/7/23, 63, 30, 4, 5, 7, 22
2019/7/24, 37, , , , , 
2019/7/27, 43, 42, 6, 7, 5, 19
2019/7/28, 287, 41, 6, 7, 5, 19
2019/7/31, 52, 37, 6, 6, 4, 20
2019/8/1, 36, 38, 5, 6, 4, 20
2019/8/2, 36, 33, 5, 6, 4, 20
2019/8/3, 46, 25, 4, 6, 6, 19
2019/8/4, 100, 37, 5, 5, 6, 19
2019/8/5, 90, 36, 5, 6, 5, 19
2019/8/6, 68, 33, 4, 6, 4, 19
2019/8/7, 42, 40, 4, 6, 4, 19
2019/8/8, 42, 53, 4, 6, 4, 20
2019/8/9, 67, 48, 4, 7, 4, 20
2019/8/10, 57, 47, 4, 6, 4, 20
2019/8/11, 56, 46, 4, 6, 4, 20
2019/8/12, 47, 35, 4, 6, 4, 20
2019/8/13, 50, 39, 4, 6, 4, 20
2019/8/14, 53, 42, 4, 6, 4, 20
2019/8/15, 49, 38, 4, 5, 4, 20
2019/8/16, 41, 36, 4, 5, 5, 20
2019/8/17, 52, 44, 4, 2, 3, 20
2019/8/18, 51, 36, 4, 3, , 20
2019/8/19, 44, 35, 13, 3, 2, 19
2019/8/20, 48, 41, 3, 3, 5, 15
2019/8/21, 62, 42, 10, 3, 5, 17
2019/8/22, 100, 42, 2, 3, 5, 18
2019/8/23, 69, 36, 3, 4, 6, 20
2019/8/24, 77, 36, 3, 3, 6, 21
2019/8/25, 106, , 2, 4, , 23
2019/8/26, 41, 58, 2, 4, 6, 22
2019/8/27, 55, , , , , 
2019/8/29, 44, 48, 2, 5, 7, 23
2019/8/30, 45, 47, 2, 5, 7, 23
2019/8/31, 42, 41, 2, 4, 7, 22
2019/9/1, 42, 32, 2, 4, 7, 22
2019/9/2, 33, 41, 2, 4, 7, 23
2019/9/3, 35, 32, 2, 4, 7, 23
2019/9/4, 27, 29, 2, 5, 7, 23
2019/9/5, 30, 37, 2, 4, 7, 22
2019/9/6, 34, 39, 2, 4, 7, 21
2019/9/7, 34, 49, 2, 5, 7, 22
2019/9/8, 56, 53, 2, 6, 8, 23
2019/9/9, 32, 59, 2, 5, 6, 16
2019/9/10, 43, 54, 2, 5, 3, 6
2019/9/11, 48, 57, 2, 5, 5, 10
2019/9/12, 47, 45, 2, 4, 6, 10
2019/9/13, 42, 56, 2, 6, 6, 12
2019/9/14, 51, 54, 9, 4, 6, 10
2019/9/15, 56, , 4, 8, 6, 14
2019/9/16, 39, 92, 4, 5, 7, 13
2019/9/17, 38, 51, 4, 7, 7, 15
2019/9/18, 48, 50, 5, 9, 7, 16
2019/9/19, 63, 52, 5, 14, 7, 18
2019/9/20, 70, 50, 5, 12, 6, 18
2019/9/21, 60, 51, 5, 9, 3, 17
2019/9/22, 74, 66, 5, 8, 3, 16
2019/9/23, 60, , 5, 7, 3, 16
2019/9/24, 74, , 5, 6, 3, 15
2019/9/25, 51, , 5, 9, 3, 17
2019/9/26, 46, , 5, 11, 3, 20
2019/9/27, 58, , 5, 9, 2, 16
2019/9/28, 41, , , 7, , 
2019/9/29, 38, , , 7, , 
2019/9/30, 44, , , 7, , 
2019/10/1, 45, , , 4, , 
2019/4/2, 67, 67, 25, 8, 11, 15
2019/4/3, 72, 69, 31, 13, 11, 16
2019/4/4, 82, 54, 16, 8, 11, 15
2019/4/5, 59, 50, 19, 8, 11, 15
2019/4/6, 64, 55, 6, 9, 11, 16
2019/4/7, 62, 58, 7, 10, 11, 16
2019/4/8, 64, 49, 14, 10, 11, 16
2019/4/9, 57, 50, 15, 8, 11, 15
2019/4/10, 59, 45, 12, 8, 11, 16
2019/4/11, 54, 53, 14, 7, 11, 15
2019/4/12, 60, 60, 19, 9, 12, 16
2019/4/13, 75, 80, 17, 15, 12, 18
2019/4/14, 96, 64, 8, 14, 12, 17
2019/4/15, 73, 63, 31, 13, 11, 17
2019/4/16, 69, 76, 21, 11, 10, 16
2019/4/17, 83, 43, 9, 9, 9, 15
2019/4/18, 49, 66, 27, 15, 10, 16
2019/4/19, 69, 69, 12, 12, 10, 16
2019/4/20, 70, 59, 15, 15, 10, 17
2019/4/21, 72, 56, 7, 10, 10, 17
2019/4/22, 69, 60, 19, 12, 11, 16
2019/4/23, 69, 57, 28, 10, 12, 16
2019/4/24, 62, 55, 26, 6, 12, 16
2019/4/25, 59, 47, 27, 7, 11, 15
2019/4/26, 59, 59, 20, 8, 10, 16
2019/4/27, 60, 72, 13, 10, 12, 17
2019/4/28, 82, 72, 8, 12, 11, 17
2019/4/29, 75, 66, 7, 10, 12, 16
2019/4/30, 73, 65, 11, 8, 12, 16
2019/5/1, 71, 67, 5, 5, 11, 16
2019/5/2, 65, 80, 17, 6, 11, 15
2019/5/3, 70, 65, 5, 6, 9, 16
2019/5/4, 62, 60, 9, 7, 9, 16
2019/5/5, 56, 58, 7, 4, 10, 16
2019/5/6, 55, 52, 8, 5, 10, 16
2019/5/7, 57, 44, 11, 6, 11, 16
2019/5/8, 48, 41, 12, 4, 12, 15
2019/5/9, 49, 41, 5, 5, 12, 15
2019/5/10, 42, 42, 13, 5, 12, 15
2019/5/11, 48, 39, 7, 8, 12, 16
2019/5/12, 48, 52, 6, 8, 12, 16
2019/5/13, 55, 58, 6, 6, 12, 16
2019/5/14, 64, 53, 12, 7, 11, 15
2019/5/15, 56, 54, 15, 7, 11, 13
2019/5/16, 56, 50, 13, 6, 10, 12
2019/5/17, 57, 53, 6, 8, 9, 13
2019/5/18, 55, 59, 6, 9, 12, 14
2019/5/19, 58, 50, 7, 9, 12, 13
2019/5/20, 48, 48, 15, 7, 8, 14
2019/5/21, 46, 56, 6, 6, 5, 16
2019/5/22, 53, 39, 6, 5, 5, 15
2019/5/23, 43, 46, 9, 6, 6, 16
2019/5/24, 64, 62, 7, 5, 5, 15
2019/5/25, 58, 51, 16, 4, 6, 12
2019/5/26, 53, 59, 10, 4, 8, 12
2019/5/27, 59, 66, 10, 4, 7, 13
2019/5/28, 63, 58, 8, 4, 5, 15
2019/5/29, 59, 50, 16, 4, 5, 15
2019/5/30, 55, 42, 8, 4, 5, 12
2019/5/31, 50, 41, 21, 5, 7, 13
2019/6/1, 51, 40, 10, 6, 8, 14
2019/6/2, 49, 38, 10, 6, 8, 14
2019/6/3, 48, 41, 10, 6, 8, 14
2019/6/4, 58, 39, 10, 5, 9, 14
2019/6/5, 47, 41, 10, 5, 9, 14
2019/6/6, 48, 38, 10, 5, 9, 14
2019/6/7, 40, 40, 12, 5, 10, 14
2019/6/8, 44, 43, 13, 7, 10, 13
2019/6/9, 46, 51, 13, 7, 10, 14
2019/6/10, 57, 45, 13, 7, 10, 16
2019/6/11, 58, 50, 14, 8, 11, 16
2019/6/12, 59, 50, 13, 7, 11, 19
2019/6/13, 53, 59, 13, 5, 10, 18
2019/6/14, 58, 60, 6, 4, 10, 20
2019/6/15, 59, 55, 6, 9, 10, 19
2019/6/16, 53, 58, 5, 8, 10, 17
2019/6/17, 45, 51, 5, 7, 10, 17
2019/6/18, 53, 46, 5, 7, 10, 17
2019/6/19, 48, 49, 6, 7, 10, 18
2019/6/20, 55, 56, 6, 7, 10, 17
2019/6/21, 47, 51, 5, 6, 11, 17
2019/6/22, 49, 51, 5, 7, 11, 17
2019/6/23, 49, 52, 5, 6, 11, 17
2019/6/24, 44, 54, 5, 7, 12, 18
2019/6/25, 54, 49, 5, 7, 12, 19
2019/6/26, 55, 47, 5, 7, 12, 18
2019/6/27, 45, 36, 5, 7, 9, 19
2019/6/28, 45, 33, 5, 7, , 17
2019/6/29, 40, 43, 5, 9, , 18
2019/6/30, 39, 54, 5, 9, , 19
2019/7/1, 55, 31, 5, 9, 4, 20
2019/1/2, 160, 140, 27, 29, 13, 28
2019/1/3, 162, 189, 32, 26, 12, 33
2019/1/4, 176, 155, 34, 27, 11, 31
2019/1/5, 165, 131, 28, 29, 12, 24
2019/1/6, 159, 139, 28, 27, 10, 24
2019/1/7, 160, 105, 23, 31, 11, 19
2019/1/8, 136, 111, 43, 26, 16, 24
2019/1/9, 138, 123, 52, 22, 11, 22
2019/1/10, 157, 150, 33, 23, 9, 27
2019/1/11, 160, 145, 31, 21, 16, 30
2019/1/12, 164, 142, 35, 22, 17, 24
2019/1/13, 153, 151, 36, 16, 15, 28
2019/1/14, 153, 118, 31, 20, 13, 21
2019/1/15, 153, 117, 34, 23, 14, 22
2019/1/16, 154, 120, 35, 22, 13, 23
2019/1/17, 154, 145, 15, 22, 14, 29
2019/1/18, 165, 140, 16, 24, 13, 27
2019/1/19, 162, 150, 16, 22, 17, 29
2019/1/20, 164, 179, 17, 12, 18, 30
2019/1/21, 169, 89, 10, 8, 14, 19
2019/1/22, 128, 77, 16, 16, 11, 17
2019/1/23, 99, 80, 13, 19, 11, 14
2019/1/24, 80, 98, 20, 32, 9, 16
2019/1/25, 128, 90, 41, 36, 6, 16
2019/1/26, 127, 84, 35, 33, 6, 16
2019/1/27, 108, 81, 18, 31, 5, 16
2019/1/28, 104, 83, 28, 6, 6, 20
2019/1/29, 118, 85, 32, 17, 7, 19
2019/1/30, 120, 109, 32, , 8, 25
2019/1/31, 131, 109, 27, , 12, 26
2019/2/1, 127, 99, 44, , 9, 20
2019/2/2, 129, 115, 42, , 9, 20
2019/2/3, 135, 151, 51, , 11, 29
2019/2/4, 158, 131, 31, 8, 11, 29
2019/2/5, 145, 127, 41, 14, 10, 24
2019/2/6, 153, 96, 33, 10, 7, 17
2019/2/7, 119, 70, 24, 11, 6, 14
2019/2/8, 64, 124, 24, 16, 6, 14
2019/2/9, 123, 117, 25, 15, 10, 18
2019/2/10, 159, 137, 41, 13, 13, 25
2019/2/11, 166, 157, 44, 15, 13, 28
2019/2/12, 174, 134, 36, 20, 12, 29
2019/2/13, 171, 101, 35, 15, 11, 23
2019/2/14, 162, 72, 39, 14, 8, 17
2019/2/15, 129, 83, 40, 14, 7, 16
2019/2/16, 128, 88, 40, 17, 9, 19
2019/2/17, 139, 107, 75, 15, 10, 21
2019/2/18, 147, 91, 45, 14, 9, 20
2019/2/19, 138, 83, 48, 15, 9, 19
2019/2/20, 133, 114, 55, 13, 11, 27
2019/2/21, 141, 64, 32, 9, 8, 15
2019/2/22, 101, 73, 32, 9, 8, 16
2019/2/23, 106, 121, 52, 14, 10, 22
2019/2/24, 140, 86, 39, 10, 9, 16
2019/2/25, 93, 81, 39, 12, 7, 17
2019/2/26, 102, 80, 23, 11, 4, 15
2019/2/27, 84, 77, 18, 8, 3, 15
2019/2/28, 73, 90, 10, 9, 4, 20
2019/3/1, 59, 98, 60, 17, 9, 21
2019/3/2, 116, 126, 42, 16, 7, 25
2019/3/3, 118, 49, 31, 5, 3, 14
2019/3/4, 57, 62, 35, 3, 3, 14
2019/3/5, 59, 86, 37, 2, 3, 13
2019/3/6, 71, 68, 39, 4, 3, 15
2019/3/7, 74, 74, 43, 7, 3, 15
2019/3/8, 78, 77, 48, 8, 4, 16
2019/3/9, 87, 89, 58, 9, 5, 19
2019/3/10, 103, 102, 40, 8, 5, 17
2019/3/11, 90, 87, 22, 4, 3, 15
2019/3/12, 75, 68, 39, 4, 3, 14
2019/3/13, 69, 68, 58, 5, 3, 14
2019/3/14, 74, 72, 37, 6, 2, 14
2019/3/15, 70, 79, 54, 8, 2, 15
2019/3/16, 84, 102, 59, 11, 3, 19
2019/3/17, 109, 89, 44, 9, 2, 17
2019/3/18, 106, 95, 52, 10, 3, 20
2019/3/19, 112, 93, 28, 9, 3, 21
2019/3/20, 100, 69, 32, 4, 2, 16
2019/3/21, 83, 62, 26, 1, 1, 14
2019/3/22, 66, 54, 18, 3, 1, 13
2019/3/23, 62, 80, 32, 4, 2, 13
2019/3/24, 92, 121, 42, 9, 2, 
2019/3/25, 124, 126, 33, 16, 2, 15
2019/3/26, 138, 98, 24, 10, , 15
2019/3/27, 106, 86, 16, 4, 12, 14
2019/3/28, 99, 75, 17, 4, 21, 14
2019/3/29, 95, 73, 11, 2, 14, 13
2019/3/30, 88, 67, 8, 2, 14, 13
2019/3/31, 76, 68, 7, 2, 14, 13
2019/4/1, 63, 66, 6, 1, 15, 12
2018/12/2, 153, 118, 37, 16, 9, 20
2018/12/3, 152, 132, 49, 19, 8, 17
2018/12/4, 161, 113, 35, 29, 7, 21
2018/12/5, 153, 130, 22, 32, 8, 31
2018/12/6, 155, 83, 18, 10, 10, 13
2018/12/7, 119, 106, 19, 21, 9, 18
2018/12/8, 137, 117, 22, 21, 11, 20
2018/12/9, 145, 108, 22, 20, 11, 19
2018/12/10, 136, 99, 22, 19, 9, 16
2018/12/11, 130, 113, 19, 37, 9, 20
2018/12/12, 137, , , , , 
2018/12/16, 141, 100, 21, 16, 16, 16
2018/12/17, 146, 90, 22, 17, 11, 15
2018/12/18, 133, 106, 26, 22, 11, 17
2018/12/19, 150, 93, 25, 49, 10, 17
2018/12/20, 152, 88, 20, 32, 10, 15
2018/12/21, 120, 94, 23, 30, 9, 17
2018/12/22, 130, 113, 25, 33, 9, 23
2018/12/23, 160, 119, 25, 28, 10, 23
2018/12/24, 170, 133, 26, 27, 8, 24
2018/12/25, 172, 124, 26, 17, 11, 24
2018/12/26, 167, 91, 21, 22, 9, 16
2018/12/27, 155, 89, 17, 22, 11, 16
2018/12/28, 156, 99, 21, 24, 13, 18
2018/12/29, 155, 91, 18, 31, 13, 18
2018/12/30, 152, 102, 18, 30, 19, 19
2018/12/31, 163, , , , , 
2018/4/2, 139, 58, 29, 11, 14, 11
2018/4/3, 110, 58, 32, 11, 14, 12
2018/4/4, 82, 61, 34, 7, 11, 10
2018/4/5, 86, 62, 38, 15, 11, 11
2018/4/6, 89, 71, 33, 25, 12, 11
2018/4/7, 104, 68, 33, 17, 12, 11
2018/4/8, 102, 65, 30, 13, 13, 12
2018/4/9, 96, 74, 26, 16, 13, 14
2018/4/10, 110, 71, 36, 10, 12, 12
2018/4/11, 100, 68, 39, 11, 13, 12
2018/4/12, 103, 65, 41, 9, 13, 11
2018/4/13, 93, 58, 38, 10, 10, 12
2018/4/14, 84, 58, 38, 9, 11, 11
2018/4/15, 91, 51, 37, 7, 11, 11
2018/4/16, 74, 54, 40, 8, 11, 11
2018/4/17, 82, 65, 44, 13, 9, 13
2018/4/18, 106, 61, 45, 10, 11, 13
2018/4/19, 98, 61, 31, 17, 15, 14
2018/4/20, 94, , , , , 
2018/1/2, 170, 127, 36, 21, 7, 24
2018/1/3, 172, 150, 28, 19, 7, 32
2018/1/4, 184, 146, 34, 18, 6, 32
2018/1/6, 161, 112, 24, 21, 7, 27
2018/1/7, 153, 90, 38, 14, 8, 23
2018/1/8, 117, 98, 38, 16, 8, 22
2018/1/9, 149, 139, 47, 15, 7, 19
2018/1/10, 178, 132, 31, 17, 7, 22
2018/1/11, 171, 126, 46, 12, 8, 18
2018/1/12, 170, 131, 31, 16, 8, 20
2018/1/13, 169, 124, 43, 11, 8, 17
2018/1/14, 164, 133, 37, 11, 7, 19
2018/1/15, 161, 138, 34, 13, 8, 22
2018/1/16, 174, 112, 29, 14, 7, 17
2018/1/17, 149, 103, 31, 11, 4, 14
2018/1/18, 142, 92, 33, 13, 8, 11
2018/1/19, 136, 93, 25, 13, 10, 12
2018/1/20, 127, 89, 33, 13, 10, 10
2018/1/21, 122, 96, 37, 15, 9, 11
2018/1/22, 129, 103, 28, 13, 9, 12
2018/1/23, 144, 87, 12, 6, 7, 7
2018/1/24, 136, 88, 4, 12, 7, 8
2018/1/25, 111, 109, 4, 15, 8, 10
2018/1/26, 144, 135, 3, 20, 10, 11
2018/1/27, 151, 73, 2, 17, 10, 11
2018/1/28, 107, 80, 1, 16, 10, 9
2018/1/29, 138, 102, 1, 15, 13, 10
2018/1/30, 158, 124, 1, 17, 20, 13
2018/1/31, 163, 113, 34, 19, 16, 13
2018/2/1, 178, 219, 46, 27, 15, 13
2018/2/2, 323, 220, 45, 25, 15, 11
2018/2/3, 310, 101, 27, 20, 18, 10
2018/2/4, 272, 120, 86, 40, 17, 16
2018/2/5, 126, 125, 25, 25, 13, 14
2018/2/6, 159, 156, 24, 21, 16, 15
2018/2/7, 167, 137, 20, 17, 14, 14
2018/2/8, 169, 136, 16, 11, 12, 14
2018/2/9, 155, 72, 12, 12, 11, 12
2018/2/10, 100, 80, 10, 12, 12, 14
2018/2/11, 94, 69, 12, 8, 11, 12
2018/2/12, 63, 61, 19, 8, 12, 11
2018/2/13, 88, 74, 28, 13, 13, 13
2018/2/14, 90, 103, 15, 17, 12, 13
2018/2/15, 165, 87, 30, 12, 8, 9
2018/2/16, 126, 93, 35, 10, 8, 8
2018/2/17, 133, 91, 37, 11, 9, 9
2018/2/18, 127, 94, 37, 13, 10, 8
2018/2/19, 124, 116, 55, 15, 11, 9
2018/2/20, 148, 122, 96, 17, 15, 10
2018/2/21, 145, 108, 91, 14, 12, 10
2018/2/22, 151, 133, 46, 6, 9, 13
2018/2/23, 174, 110, 31, 29, 8, 12
2018/2/24, 149, 126, 38, 51, 10, 14
2018/2/25, 161, 117, 53, , 10, 15
2018/2/26, 153, 113, 37, , 11, 14
2018/2/27, 156, 132, 41, 29, 11, 16
2018/2/28, 143, 144, 56, 91, 12, 17
2018/3/1, 170, 143, 37, , 12, 17
2018/3/2, 165, 163, 37, 24, 9, 18
2018/3/3, 194, 138, 23, 23, 9, 17
2018/3/4, 142, 89, 24, 12, 9, 15
2018/3/5, 121, 81, 29, 14, 8, 15
2018/3/6, 117, 82, 35, 19, 9, 16
2018/3/7, 123, 73, 21, 13, 9, 15
2018/3/8, 101, 70, 18, 17, 8, 15
2018/3/9, 94, 74, 23, 22, 9, 16
2018/3/10, 107, 70, 33, 8, 9, 15
2018/3/11, 97, 75, 32, 17, 10, 16
2018/3/12, 102, 97, 43, 24, 15, 15
2018/3/13, 131, 71, 103, 18, 15, 12
2018/3/14, 120, 66, 28, 15, 10, 11
2018/3/15, 92, 72, 208, 14, 9, 11
2018/3/16, 122, 99, 62, 16, 11, 13
2018/3/17, 139, 90, 52, 12, 10, 13
2018/3/18, 130, 69, 52, 12, 10, 12
2018/3/19, 89, 54, 44, 11, 10, 12
2018/3/20, 86, 79, 57, 10, 13, 13
2018/3/21, 108, 56, 33, 5, 20, 12
2018/3/22, 83, 88, 25, 11, 12, 16
2018/3/23, 142, 92, 30, 12, 15, 15
2018/3/24, 120, 102, 44, 10, 15, 15
2018/3/25, 124, 106, 48, 14, 17, 21
2018/3/26, 147, 117, 53, 15, 23, 19
2018/3/27, 160, 76, 49, 8, 10, 9
2018/3/28, 143, 74, 36, 7, 9, 12
2018/3/29, 254, 61, 31, 7, 11, 10
2018/3/30, 118, 62, 31, 10, 13, 10
2018/3/31, 135, 71, 25, 8, 13, 10
2018/4/1, 135, 70, 107, 15, 19, 12
2017/10/2, 130, 70, 23, 5, 12, 6
2017/10/3, 107, 63, 26, 6, 4, 6
2017/10/4, 119, 80, 19, 4, 4, 5
2017/10/5, 136, 88, 24, 5, 5, 7
2017/10/6, 141, 91, 15, 5, 7, 10
2017/10/7, 142, 57, 10, 6, 9, 9
2017/10/8, 120, 47, 1, 7, 10, 11
2017/10/9, 107, 61, 9, 6, 8, 6
2017/10/10, 108, 61, 5, 7, 9, 10
2017/10/11, 115, 38, 4, 7, 10, 9
2017/10/12, 93, 41, 3, 6, 9, 8
2017/10/13, 76, 61, 9, 7, 10, 9
2017/10/14, 113, 59, 11, 7, 10, 10
2017/10/15, 116, 60, 9, 7, 10, 11
2017/10/16, 123, 67, 11, 7, 10, 10
2017/10/17, 131, 71, 14, 7, 10, 9
2017/10/18, 144, 95, 16, 7, 10, 11
2017/10/19, 167, 134, 26, 11, 15, 17
2017/10/20, 234, 176, 23, 7, 9, 14
2017/10/21, 226, 70, 15, 6, 8, 7
2017/10/22, 130, 59, 12, 6, 9, 6
2017/10/23, 112, 70, 16, 5, 7, 8
2017/10/24, 105, 82, 14, 5, 6, 13
2017/10/25, 134, 77, 22, 4, 5, 13
2017/10/26, 138, 100, 26, 6, 9, 15
2017/10/27, 154, 91, 30, 6, 7, 15
2017/10/28, 141, 70, 25, 5, 7, 11
2017/10/29, 125, 82, 13, 6, 7, 15
2017/10/30, 145, 74, 14, 6, 8, 12
2017/10/31, 132, 67, 43, 6, 8, 14
2017/11/1, 119, 83, 6, 6, 8, 17
2017/11/2, 133, 80, 9, 5, 7, 15
2017/11/3, 131, 87, 12, 4, 7, 15
2017/11/4, 149, 92, 8, 8, 10, 18
2017/11/5, 136, 75, 17, 7, 10, 13
2017/11/6, 125, 75, 12, 7, 9, 14
2017/11/7, 126, 76, 27, 7, 9, 14
2017/11/8, 125, 82, 24, 7, 9, 15
2017/11/9, 125, 80, 24, 7, 10, 16
2017/11/10, 118, 85, 20, 7, 13, 16
2017/11/11, 130, 87, 24, 4, 4, 16
2017/11/12, 146, 79, 20, 4, 5, 15
2017/11/13, 125, 99, 42, 4, 5, 20
2017/11/14, 150, 100, 22, 4, 5, 20
2017/11/15, 138, 106, 14, 4, 5, 21
2017/11/16, 156, 106, 18, 3, 4, 16
2017/11/17, 161, 115, 30, 4, 4, 21
2017/11/18, 159, 113, 27, 4, 4, 20
2017/11/19, 160, 114, 25, 4, 4, 21
2017/11/20, 140, 118, 19, 4, 5, 20
2017/11/21, 151, 116, 19, 4, 4, 22
2017/11/22, 151, 114, 15, 3, 4, 18
2017/11/23, 142, 99, 24, 4, 5, 22
2017/11/24, 134, 105, 25, 4, 5, 19
2017/11/25, 149, 116, 24, 4, 4, 19
2017/11/26, 156, 121, 30, 4, 5, 23
2017/11/27, 149, 110, 33, 5, 5, 23
2017/11/28, 146, 124, 27, 5, 6, 24
2017/11/29, 151, 113, 31, 5, 6, 19
2017/11/30, 155, 106, 69, 4, 6, 14
2017/12/1, 151, 103, 9, 4, 5, 13
2017/12/2, 152, 90, 11, 5, 6, 14
2017/12/3, 138, 98, 24, 5, 6, 22
2017/12/4, 143, 92, 67, 5, 6, 20
2017/12/5, 144, 67, 3, 4, 5, 18
2017/12/6, 109, 47, 7, 3, 4, 15
2017/12/7, 79, 87, 5, 4, 5, 17
2017/12/8, 138, 87, 10, 4, 15, 17
2017/12/9, 152, 136, 6, 3, 4, 18
2017/12/10, 170, 118, 5, 3, 4, 20
2017/12/11, 153, 66, 6, 3, 4, 16
2017/12/12, 117, 65, 44, 4, 4, 16
2017/12/13, 101, 72, 24, 4, 4, 17
2017/12/14, 106, 91, 24, 4, 5, 19
2017/12/15, 140, 122, 27, 5, 5, 25
2017/12/16, 166, 139, 24, 5, 5, 21
2017/12/17, 171, 126, 15, 5, 5, 27
2017/12/18, 132, 105, 13, 8, 6, 25
2017/12/19, 150, 88, 15, 24, 6, 20
2017/12/20, 137, 97, 19, 30, 8, 24
2017/12/21, 134, 107, 31, 27, 8, 23
2017/12/22, 144, 111, 22, 25, 6, 23
2017/12/23, 157, 112, 33, 25, 10, 25
2017/12/24, 161, 132, 36, 24, 6, 29
2017/12/25, 165, 167, 29, 23, 6, 33
2017/12/26, 190, 119, 20, 25, 7, 30
2017/12/27, 149, 108, 39, 24, 7, 25
2017/12/28, 159, 115, 40, 27, 8, 28
2017/12/29, 162, 140, 52, 28, 7, 32
2017/12/30, 172, 126, 26, 26, 6, 30
2017/12/31, 164, 129, 8, 38, 6, 42
2018/1/1, 163, 125, 41, 19, 8, 28
2017/7/2, 54, 49, 3, 12, 4, 2
2017/7/3, 65, 59, 5, 6, 4, 3
2017/7/4, 77, 54, 5, 5, 4, 5
2017/7/5, 133, , , , , 
2017/7/7, 80, 104, 4, 7, 4, 7
2017/7/8, 183, 102, 47, 7, 4, 9
2017/7/9, 56, 42, 2, 9, 5, 12
2017/7/10, 46, 60, 1, 11, 3, 10
2017/7/11, 86, 63, 3, 6, 4, 10
2017/7/12, 139, 55, 5, 5, 3, 11
2017/7/13, 91, 88, 8, 7, 9, 12
2017/7/14, 72, 91, 5, 7, 2, 9
2017/7/15, 93, 109, 53, 7, 2, 9
2017/7/16, 97, 65, 6, 6, 2, 9
2017/7/17, 76, 44, 8, 14, 2, 10
2017/7/18, 58, 26, 6, 15, 3, 10
2017/7/19, 39, 29, 6, 17, 3, 11
2017/7/20, 43, 30, 3, 10, 3, 10
2017/7/21, 41, 38, 7, 8, 3, 9
2017/7/22, 51, 32, 10, 8, 2, 10
2017/7/23, 40, 53, 4, 6, 2, 10
2017/7/24, 52, 58, 3, 7, 2, 10
2017/7/25, 69, 37, 3, 7, 2, 10
2017/7/26, 42, 47, 2, 7, 2, 10
2017/7/27, 49, 46, 2, 7, 2, 10
2017/7/28, 49, 53, 3, 7, 2, 10
2017/7/29, 55, 50, 3, 7, 2, 10
2017/7/30, 53, 28, 49, 7, 3, 10
2017/7/31, 32, 31, 1, 8, 2, 8
2017/8/1, 47, 33, 2, 8, 2, 3
2017/8/2, 42, 40, 2, 7, 3, 3
2017/8/3, 49, 33, 1, 6, 3, 2
2017/8/4, 44, 52, 2, 6, 3, 1
2017/8/5, 62, 55, 2, 7, 3, 1
2017/8/6, 68, 52, 2, 8, 3, 1
2017/8/7, 53, 50, 4, 7, 3, 1
2017/8/8, 70, 51, 7, 6, 3, 1
2017/8/9, 66, 50, 4, 9, 4, 1
2017/8/10, 70, 37, 3, 9, 4, 2
2017/8/11, 58, 46, 2, 7, 5, 2
2017/8/12, 58, 43, 5, 15, 2, 2
2017/8/13, 43, 41, 3, 4, 2, 1
2017/8/14, 40, 33, 2, 2, 2, 3
2017/8/15, 42, 43, 2, 3, 2, 5
2017/8/16, 61, 49, 71, 5, 2, 3
2017/8/17, 61, 54, 4, 4, 3, 2
2017/8/18, 61, 55, 3, 3, 3, 3
2017/8/19, 59, 37, 6, 2, 7, 9
2017/8/20, 48, 35, 4, 6, 4, 6
2017/8/21, 44, 42, 6, 5, 6, 11
2017/8/22, 82, 48, 8, 5, 5, 9
2017/8/23, 73, 43, 9, 5, 4, 8
2017/8/24, 59, 45, 6, 5, 4, 7
2017/8/25, 62, 27, 4, 3, 4, 7
2017/8/26, 40, 33, 6, 3, 4, 7
2017/8/27, 46, 36, 5, 3, 4, 7
2017/8/28, 46, 40, 7, 5, 5, 9
2017/8/29, 53, 23, 19, 7, 3, 7
2017/8/30, 37, 45, 6, 3, 4, 12
2017/8/31, 57, 50, 6, 7, 4, 10
2017/9/1, 60, 54, 7, 5, 5, 12
2017/9/2, 69, 45, 50, 5, 4, 13
2017/9/3, 69, 36, 6, 6, 4, 12
2017/9/4, 52, 66, 14, 6, 6, 13
2017/9/5, 91, 64, 12, 6, 8, 12
2017/9/6, 93, 60, 7, 7, 5, 11
2017/9/7, 81, , , , , 
2017/9/12, 141, 69, 14, 2, 9, 18
2017/9/13, 115, 33, 15, 2, 13, 12
2017/9/14, 67, 47, 10, 2, 4, 5
2017/9/15, 84, 33, 100, 5, 7, 9
2017/9/16, 52, 48, 5, 9, 4, 5
2017/9/17, 71, 42, 3, 13, 4, 4
2017/9/18, 68, 31, 8, 22, 6, 7
2017/9/19, 47, 47, 9, 2, 4, 3
2017/9/20, 69, 41, 15, 3, 5, 6
2017/9/21, 66, 49, 5, 4, 6, 6
2017/9/22, 85, 49, 6, 3, 4, 4
2017/9/23, 68, 46, 7, 3, 4, 4
2017/9/24, 66, 57, 5, 4, 5, 5
2017/9/25, 83, 37, 7, 4, 6, 4
2017/9/26, 59, 31, 9, 3, 5, 3
2017/9/27, 77, 47, 13, 2, 4, 4
2017/9/28, 98, 56, 19, 3, 5, 4
2017/9/29, 112, 58, 12, 5, 7, 5
2017/9/30, 88, 69, 20, 6, 8, 9
2017/10/1, 122, 77, 22, 5, 7, 8
2017/4/2, 94, 60, 13, 13, 7, 5
2017/4/3, 75, 63, 12, 13, 7, 4
2017/4/4, 81, 54, 7, 8, 7, 4
2017/4/5, 71, 61, 7, 12, 7, 4
2017/4/6, 78, 60, 10, 10, 7, 4
2017/4/7, 76, 114, 16, 8, 7, 3
2017/4/8, 103, 126, 31, 10, 7, 7
2017/4/9, 136, 137, 59, 10, 8, 9
2017/4/10, 139, 123, 37, 10, 7, 11
2017/4/11, 168, 100, 20, 9, 7, 8
2017/4/12, 140, 83, 26, 8, 11, 9
2017/4/13, 137, 97, 25, 9, 6, 13
2017/4/14, 143, 73, 20, 8, 6, 8
2017/4/15, 141, 64, 13, 8, 6, 7
2017/4/16, 137, 55, 14, 9, 6, 9
2017/4/17, 123, 45, 10, 5, 5, 7
2017/4/18, 84, 61, 17, 7, 5, 5
2017/4/19, 88, 51, 11, 8, 5, 3
2017/4/20, 71, 50, 11, 9, 5, 4
2017/4/21, 76, 57, 9, 11, 5, 4
2017/4/22, 96, 59, 9, 9, 5, 5
2017/4/23, 96, 55, 9, 7, 6, 4
2017/4/24, 73, 60, 9, 7, 5, 3
2017/4/25, 93, 73, 20, 9, 5, 4
2017/4/26, 109, 88, 14, 12, 6, 4
2017/4/27, 109, 73, 12, 7, 6, 5
2017/4/28, 97, 65, 11, 8, 6, 5
2017/4/29, 93, 57, 15, 8, 6, 5
2017/4/30, 111, 45, 14, 6, 6, 5
2017/5/1, 89, 79, 8, 8, 6, 4
2017/5/2, 103, 63, 10, 9, 6, 5
2017/5/3, 90, 75, 8, 9, 6, 6
2017/5/4, 99, 61, 7, 10, 6, 5
2017/5/5, 83, 61, 15, 10, 6, 5
2017/5/6, 88, 57, 15, 10, 6, 5
2017/5/7, 88, 43, 11, 10, 6, 5
2017/5/8, 63, 56, 15, 10, 7, 6
2017/5/9, 75, 52, 14, 10, 7, 5
2017/5/10, 77, 50, 12, 8, 12, 6
2017/5/11, 78, 32, 112, 4, 6, 7
2017/5/12, 60, 40, 21, 6, 4, 7
2017/5/13, 66, 69, 28, 7, 4, 8
2017/5/14, 106, 49, 11, 4, 4, 4
2017/5/15, 80, 44, 8, 5, 4, 2
2017/5/16, 67, 44, 10, 6, 4, 3
2017/5/17, 80, 39, 5, 6, 4, 3
2017/5/18, 71, 39, 14, 8, 4, 3
2017/5/19, 73, 28, 9, 9, 5, 3
2017/5/20, 64, 40, 8, 9, 4, 4
2017/5/21, 79, 40, 14, 9, 4, 3
2017/5/22, 74, 71, 7, 10, 4, 4
2017/5/23, 86, 71, 9, 9, 4, 3
2017/5/24, 82, 33, 8, 9, 4, 4
2017/5/25, 61, 41, 10, 9, 4, 3
2017/5/26, 69, 38, 145, 8, 6, 6
2017/5/27, 80, 55, 53, 9, 4, 4
2017/5/28, 100, 48, 10, 9, 3, 4
2017/5/29, 82, 55, 7, 8, 4, 4
2017/5/30, 82, 53, 97, 6, 5, 6
2017/5/31, 103, 53, 6, 6, 4, 6
2017/6/1, 103, 53, 7, 8, 4, 7
2017/6/2, 94, 42, 6, 8, 4, 7
2017/6/3, 75, 46, 12, 10, 4, 7
2017/6/4, 70, 52, 9, 10, 4, 7
2017/6/5, 67, 57, 5, 9, 4, 6
2017/6/6, 78, 60, 8, 11, 4, 6
2017/6/7, 82, 50, 11, 11, 7, 7
2017/6/8, 74, 32, 16, 10, 4, 6
2017/6/9, 55, 43, 20, 10, 4, 5
2017/6/10, 91, 33, 9, 10, 4, 5
2017/6/11, 56, 37, 9, 15, 4, 7
2017/6/12, 61, 39, 10, 15, 4, 6
2017/6/13, 63, 42, 15, 24, 6, 7
2017/6/14, 65, 42, 12, 16, 5, 5
2017/6/15, 69, 46, 12, 19, 5, 5
2017/6/16, 71, 35, 9, 13, 5, 5
2017/6/17, 60, 34, 13, 15, 5, 4
2017/6/18, 53, 36, 9, 7, 4, 3
2017/6/19, 50, 37, 8, 7, 5, 3
2017/6/20, 50, 38, 9, 7, 5, 3
2017/6/21, 47, 40, 10, 6, 5, 3
2017/6/22, 49, 43, 10, 7, 5, 3
2017/6/23, 61, 50, 28, 9, 6, 5
2017/6/24, 72, 61, 10, 6, 4, 4
2017/6/25, 77, 44, 10, 27, 5, 7
2017/6/26, 64, 32, 16, 16, 5, 7
2017/6/27, 47, 47, 11, 9, 5, 4
2017/6/28, 53, 37, 16, 8, 5, 4
2017/6/29, 46, 49, 11, 5, 4, 5
2017/6/30, 64, 82, 11, 6, 5, 3
2017/7/1, 77, 45, 6, 5, 4, 3
2017/1/3, 177, 125, 26, 6, 6, 18
2017/1/4, 153, 130, 43, 6, 6, 18
2017/1/5, 163, 131, 31, 6, 7, 19
2017/1/6, 163, 105, 26, 6, 7, 13
2017/1/7, 142, 96, 17, 7, 7, 11
2017/1/8, 129, 83, 15, 8, 7, 12
2017/1/9, 114, 90, 21, 7, 7, 11
2017/1/10, 125, 97, 30, 7, 12, 13
2017/1/11, 134, 116, 36, 6, 8, 11
2017/1/12, 162, 107, 27, 6, 6, 10
2017/1/13, 151, 127, 32, 6, 9, 15
2017/1/14, 153, 115, 19, 7, 9, 13
2017/1/15, 149, 141, 23, 6, 9, 16
2017/1/16, 166, 84, 26, 6, 8, 9
2017/1/17, 154, 127, 35, 6, 8, 12
2017/1/18, 151, 119, 44, 7, 9, 11
2017/1/19, 160, 149, 37, 7, 9, 17
2017/1/20, 199, 143, 41, 7, 9, 16
2017/1/21, 173, 129, 43, 7, 10, 16
2017/1/22, 169, 121, 50, 7, 10, 15
2017/1/23, 159, 150, 40, 7, 10, 23
2017/1/24, 160, 132, 87, 7, 10, 17
2017/1/25, 162, 150, 50, 7, 11, 18
2017/1/26, 172, 144, 39, 7, 11, 16
2017/1/27, 171, 86, 35, 7, 9, 7
2017/1/28, 126, 97, 32, 7, 10, 13
2017/1/29, 144, 116, 41, 7, 11, 17
2017/1/30, 156, 132, 41, 7, 11, 19
2017/1/31, 163, 144, 42, 7, 10, 19
2017/2/1, 173, 126, 61, 8, 10, 15
2017/2/2, 159, 141, 68, 14, 8, 17
2017/2/3, 173, 153, 9, 17, 12, 29
2017/2/4, 134, 74, 19, 11, 4, 15
2017/2/5, 106, 76, 22, 10, 4, 12
2017/2/6, 95, 84, 49, 11, 5, 11
2017/2/7, 99, 111, 46, 14, 7, 9
2017/2/8, 142, 97, 45, 11, 5, 9
2017/2/9, 142, 111, 49, 12, 6, 9
2017/2/10, 141, 109, 50, 12, 12, 10
2017/2/11, 145, 75, 33, 14, 7, 9
2017/2/12, 110, 96, 49, 15, 9, 10
2017/2/13, 134, 145, 52, 17, 11, 16
2017/2/14, 171, 142, 32, 18, 12, 21
2017/2/15, 147, 129, 49, 18, 12, 16
2017/2/16, 167, 128, 39, 19, 13, 15
2017/2/17, 163, 118, 52, 18, 12, 13
2017/2/18, 160, 111, 40, 16, 11, 13
2017/2/19, 150, 127, 72, 21, 15, 19
2017/2/20, 147, 116, 35, 15, 9, 14
2017/2/21, 129, 73, 14, 12, 6, 4
2017/2/22, 83, 115, 16, 11, 7, 6
2017/2/23, 93, 89, 33, 12, 8, 8
2017/2/24, 109, 129, 31, 14, 10, 14
2017/2/25, 155, 126, 30, 14, 10, 14
2017/2/26, 153, 134, 46, 15, 11, 23
2017/2/27, 141, 152, 50, 16, 12, 23
2017/2/28, 172, 190, 45, 17, 14, 26
2017/3/1, 196, 132, 46, 15, 12, 15
2017/3/2, 160, 111, 37, 15, 11, 11
2017/3/3, 130, 85, 33, 13, 8, 7
2017/3/4, 115, 81, 28, 13, 8, 8
2017/3/5, 117, 77, 34, 13, 8, 7
2017/3/6, 99, 91, 32, 14, 10, 11
2017/3/7, 127, 89, 27, 13, 9, 7
2017/3/8, 128, 81, 21, 13, 9, 6
2017/3/9, 104, 72, 10, 13, 9, 6
2017/3/10, 96, 68, 8, 13, 9, 4
2017/3/11, 97, 78, 17, 14, 11, 6
2017/3/12, 132, 135, 36, 14, 11, 7
2017/3/13, 153, 174, 38, 20, 17, 21
2017/3/14, 296, 123, 39, 16, 12, 14
2017/3/15, 160, 117, 32, 12, 13, 13
2017/3/16, 142, 100, 42, 9, 5, 13
2017/3/17, 135, 82, 27, 9, 4, 8
2017/3/18, 113, 80, 21, 8, 4, 5
2017/3/19, 112, 54, 12, 11, 4, 4
2017/3/20, 70, 66, 13, 11, 4, 4
2017/3/21, 95, 73, 20, 11, 5, 4
2017/3/22, 107, 82, 18, 11, 6, 5
2017/3/23, 114, 82, 23, 12, 6, 6
2017/3/24, 112, 73, 21, 12, 6, 5
2017/3/25, 103, 77, 27, 12, 7, 6
2017/3/26, 110, 80, 30, 12, 6, 6
2017/3/27, 105, 102, 36, 11, 7, 8
2017/3/28, 129, 99, 19, 8, 6, 6
2017/3/29, 125, 96, 12, 10, 6, 5
2017/3/30, 125, 85, 10, 13, 7, 4
2017/3/31, 109, 81, 20, 14, 7, 6
2017/4/1, 104, 70, 14, 13, 7, 6
2016/10/2, 58, 41, 3, 18, 5, 11
2016/10/3, 66, 52, 2, 18, 5, 9
2016/10/4, 67, 35, 3, 17, 5, 5
2016/10/5, 57, 45, 3, 16, 6, 5
2016/10/6, 76, 60, 3, 16, 10, 8
2016/10/7, 83, 45, 3, 18, 10, 6
2016/10/8, 56, 49, 4, 18, 11, 6
2016/10/9, 58, 51, 6, 18, 11, 6
2016/10/10, 58, 43, 8, 18, 12, 4
2016/10/11, 81, 64, 7, 18, 14, 5
2016/10/12, 86, 68, 8, 18, 11, 5
2016/10/13, 83, 70, 14, 18, 9, 5
2016/10/14, 79, 84, 18, 18, 9, 7
2016/10/15, 115, 95, 15, 19, 9, 8
2016/10/16, 138, 91, 14, 18, 4, 5
2016/10/17, 136, 103, 17, 19, 6, 7
2016/10/18, 153, 111, 18, 20, 4, 10
2016/10/19, 154, 84, 24, 21, 7, 11
2016/10/20, 106, , 23, 19, 9, 13
2016/10/21, 140, , 22, 20, 8, 8
2016/10/22, 128, 100, 17, 20, 8, 6
2016/10/23, 121, , 20, 20, 8, 8
2016/10/24, 137, 118, 10, 20, 7, 6
2016/10/25, 114, 54, 8, 19, 8, 5
2016/10/26, 88, 80, 19, 20, 8, 7
2016/10/27, 107, , 20, 20, 9, 9
2016/10/28, 144, , 25, 19, 10, 10
2016/10/29, 142, , 25, 20, 10, 11
2016/10/31, 137, 167, 17, 20, 13, 13
2016/11/1, 169, 119, 19, 20, 18, 13
2016/11/2, 147, 92, 21, 21, 8, 10
2016/11/3, 135, 86, 26, 21, 5, 10
2016/11/4, 123, 113, 28, 20, 7, 11
2016/11/5, 125, , 24, 21, 7, 10
2016/11/6, 126, , 33, 21, 7, 10
2016/11/7, 114, , 23, 21, 7, 13
2016/11/8, 129, , 15, 20, 8, 13
2016/11/9, 113, 116, 23, 21, 7, 10
2016/11/10, 108, 122, 21, 21, 7, 11
2016/11/11, 117, 138, 15, 20, 8, 16
2016/11/12, 135, 144, 12, 17, 6, 14
2016/11/13, 126, 133, 18, 16, 6, 12
2016/11/14, 124, 142, 21, 12, 9, 13
2016/11/15, 142, 158, 16, 1, 7, 12
2016/11/16, 156, , 22, 2, 8, 15
2016/11/17, 154, 169, 18, 2, 8, 14
2016/11/18, 145, , 11, 9, 7, 12
2016/11/19, 110, 169, 18, 8, 7, 14
2016/11/20, 130, 145, 26, 8, 8, 15
2016/11/21, 67, 144, 10, 8, 8, 12
2016/11/22, 88, , 12, 8, 9, 14
2016/11/23, 74, 124, 13, 8, 9, 14
2016/11/24, 80, 145, 13, 8, 9, 16
2016/11/25, 86, 101, 15, 8, 8, 11
2016/11/26, 78, 102, 18, 12, 5, 12
2016/11/27, 79, 169, 18, 8, 6, 21
2016/11/28, 73, 104, 13, 8, 5, 13
2016/11/29, 63, 145, 20, 8, 7, 15
2016/11/30, 142, 121, 19, 8, 11, 25
2016/12/1, 146, 140, 16, 8, 10, 19
2016/12/2, 137, 153, 14, 8, 10, 23
2016/12/3, 122, 122, 11, , 9, 12
2016/12/4, 111, 96, 8, 8, 8, 11
2016/12/5, 85, 108, 10, 8, 8, 13
2016/12/6, 103, 143, 14, 5, 6, 15
2016/12/7, 118, 121, 11, 2, 5, 14
2016/12/8, 115, 103, 10, 2, 4, 12
2016/12/9, 116, 122, 22, 2, 4, 9
2016/12/10, 126, 125, 31, 3, 5, 17
2016/12/11, 125, 110, 24, 3, 5, 13
2016/12/12, 96, 125, 20, , 5, 17
2016/12/13, 117, 121, 41, 3, 6, 19
2016/12/14, 71, 114, 29, 3, 7, 16
2016/12/15, 68, 101, 21, 4, 7, 17
2016/12/16, 62, 114, 28, 5, 7, 15
2016/12/17, 78, 106, 31, 4, 7, 14
2016/12/18, 70, 79, 14, 4, 7, 13
2016/12/19, 37, 111, 27, 3, 17, 14
2016/12/20, 94, 118, 25, 5, 8, 14
2016/12/21, 157, 123, 35, 5, 8, 19
2016/12/22, 165, 127, 36, 6, 8, 18
2016/12/23, 167, 139, 30, 6, 7, 19
2016/12/24, 181, 132, 29, 6, 8, 18
2016/12/25, 169, 141, 17, 6, 8, 20
2016/12/26, 168, 132, 28, 6, 8, 21
2016/12/27, 165, 141, 22, 6, 8, 25
2016/12/28, 162, 124, 22, 6, 8, 16
2016/12/29, 160, 141, 27, 5, 8, 20
2016/12/30, 166, 164, 13, 5, 8, 23
2016/12/31, 180, 192, 21, 5, 7, 30
2017/1/1, 212, 173, 8, 5, 6, 28
2016/7/2, 322, 32, 9, 15, 16, 3
2016/7/3, 78, 51, 8, 15, 16, 2
2016/7/4, 115, 55, 14, 22, 20, 4
2016/7/5, 122, 106, 10, 11, 11, 12
2016/7/6, 165, 65, 6, 7, 6, 
2016/7/7, 157, 31, 5, 4, 4, 5
2016/7/8, 83, 33, 5, 4, 3, 5
2016/7/9, 82, 23, 22, 3, 2, 5
2016/7/10, 66, 15, 1, 2, 2, 5
2016/7/11, 49, 30, 1, 3, 2, 
2016/7/12, 81, 23, 1, 3, 2, 5
2016/7/13, 67, 24, 28, 3, 2, 6
2016/7/14, 67, 25, 4, 3, 2, 7
2016/7/15, 69, 24, 3, 9, 3, 3
2016/7/16, 66, 22, 4, 3, 4, 3
2016/7/17, 59, 19, 5, 5, 2, 4
2016/7/18, 54, 16, 6, 6, 3, 3
2016/7/19, 54, , 5, 7, 3, 4
2016/7/20, 55, , 5, 5, 2, 3
2016/7/21, 44, , 6, 5, 3, 5
2016/7/22, 56, , 6, 6, 4, 4
2016/7/23, 54, , 16, 6, 3, 5
2016/7/24, 60, , 16, 7, 4, 6
2016/7/25, 57, , 29, 8, 3, 6
2016/7/26, 61, 37, 59, 1, 4, 9
2016/7/27, 79, 52, 24, 8, 4, 10
2016/7/28, 79, 45, 21, 15, 5, 11
2016/7/29, 72, 35, 38, 11, 4, 9
2016/7/30, 64, 39, 41, 7, 3, 5
2016/7/31, 59, 42, 39, 8, 3, 5
2016/8/1, 52, 36, 49, 10, 3, 5
2016/8/2, 45, 45, 80, 15, 3, 4
2016/8/3, 41, 47, 54, 12, 3, 4
2016/8/4, 37, 45, 25, 14, 2, 5
2016/8/5, 43, 61, 32, 10, 3, 6
2016/8/6, 72, 17, 8, 11, 3, 6
2016/8/7, 39, 23, 8, 10, 3, 7
2016/8/8, 48, 22, 7, 16, 3, 6
2016/8/9, 47, 30, 4, 12, 3, 2
2016/8/10, 51, 46, 4, 12, 3, 2
2016/8/11, 40, 44, 4, 11, 3, 3
2016/8/12, 30, 50, 4, 11, 3, 3
2016/8/13, 42, 51, 4, 11, 3, 3
2016/8/14, 39, 43, 42, 13, 3, 4
2016/8/15, 28, 50, 4, 9, 3, 4
2016/8/16, 41, 50, 4, 4, 3, 4
2016/8/17, 43, 44, 4, 2, 3, 5
2016/8/18, 51, 38, 4, 1, 3, 5
2016/8/19, 53, 52, 4, 4, 3, 5
2016/8/20, 54, 51, 4, 2, 3, 5
2016/8/21, 45, 51, 4, 1, 3, 2
2016/8/22, 49, 51, 4, 1, 3, 3
2016/8/23, 64, 37, 7, , 4, 3
2016/8/24, 37, 50, 4, , 4, 3
2016/8/25, 65, 53, 17, , 4, 4
2016/8/26, 58, 28, 4, , 4, 4
2016/8/27, 32, 29, 4, , 4, 7
2016/8/28, 54, 35, 4, 1, 4, 6
2016/8/29, 51, 44, 10, 1, 4, 6
2016/8/30, 40, 41, 12, 1, 4, 6
2016/8/31, 39, 37, 14, , 4, 6
2016/9/1, 36, 38, 9, , 4, 6
2016/9/2, 39, 38, 7, , 4, 5
2016/9/3, 40, 60, 9, , 4, 5
2016/9/4, 60, 61, 4, , 4, 4
2016/9/5, 54, 54, 8, , 4, 4
2016/9/6, 47, 52, 4, , 4, 4
2016/9/7, 42, 54, 5, , 4, 6
2016/9/8, 45, 52, 5, , 4, 3
2016/9/9, 52, 67, 5, , 5, 7
2016/9/10, 74, 66, 5, , 5, 7
2016/9/11, 75, 59, 5, , 5, 7
2016/9/12, 75, 54, 5, , 5, 4
2016/9/13, 60, 62, 5, , 5, 6
2016/9/14, 70, 49, 5, 1, 5, 4
2016/9/15, 62, 30, 5, , 5, 4
2016/9/16, 45, 39, 5, , 5, 5
2016/9/17, 52, 41, 5, , 5, 7
2016/9/18, 72, 27, 6, , 5, 4
2016/9/19, 44, 24, 7, , 4, 3
2016/9/20, 50, 22, 5, , 4, 4
2016/9/21, 35, 20, 5, , 4, 4
2016/9/22, 34, 28, 5, 17, 7, 4
2016/9/23, 46, 33, 5, 17, 3, 3
2016/9/24, 44, 37, 6, 18, 3, 5
2016/9/25, 54, 30, 6, 18, 3, 2
2016/9/26, 50, 35, 7, 17, 2, 4
2016/9/27, 50, 47, 5, 17, 5, 4
2016/9/28, 46, 42, 5, 18, 3, 2
2016/9/29, 62, 42, 5, 18, 3, 2
2016/9/30, 65, 55, 5, 18, 4, 5
2016/10/1, 80, 44, 5, 18, 5, 7
2016/4/2, 65, 49, 5, 3, 2, 3
2016/4/3, 60, 59, 5, 3, 2, 3
2016/4/4, 81, 62, 5, 3, 2, 4
2016/4/5, 82, 67, 5, 3, 2, 4
2016/4/6, 67, 50, 5, 3, 3, 4
2016/4/7, 64, 50, 7, 3, 3, 3
2016/4/8, 64, 62, 12, 4, 3, 4
2016/4/9, 87, 55, 13, 4, 3, 4
2016/4/10, 85, 65, 6, 4, 3, 5
2016/4/11, 90, 67, 8, 4, 3, 5
2016/4/12, 99, 62, 6, 4, 3, 5
2016/4/13, 80, 57, 6, 4, 3, 5
2016/4/14, 86, 67, 6, 4, 3, 6
2016/4/15, 102, 61, 5, 4, 3, 6
2016/4/16, 93, 58, 5, 4, 3, 6
2016/4/17, 85, 60, 5, 4, 3, 7
2016/4/18, 86, 57, 6, 4, 4, 7
2016/4/19, 84, 65, 6, 4, 3, 8
2016/4/20, 93, 76, 6, 4, 3, 7
2016/4/21, 92, 58, 6, 4, 3, 2
2016/4/22, 75, 46, 8, 4, 3, 2
2016/4/23, 54, 46, 7, 4, 4, 2
2016/4/24, 71, 55, 6, 4, 4, 2
2016/4/25, 92, 51, 6, 5, 4, 2
2016/4/26, 67, 52, 7, 5, 5, 3
2016/4/27, 73, 54, 13, 5, 5, 4
2016/4/28, 90, 58, 8, 5, 5, 4
2016/4/29, 84, 57, 7, 5, 4, 3
2016/4/30, 79, 63, 5, 6, 5, 4
2016/5/1, 72, 51, 5, 5, 5, 4
2016/5/2, 84, 85, 5, 5, 5, 3
2016/5/3, 61, 55, 6, 5, 5, 4
2016/5/4, 81, 58, 5, 5, 5, 3
2016/5/5, 76, 43, 5, 6, 5, 4
2016/5/6, 58, 46, 12, 6, 5, 4
2016/5/7, 74, 53, 6, 6, 5, 4
2016/5/8, 73, 50, 11, 5, 5, 2
2016/5/9, 110, 48, 5, 6, 5, 3
2016/5/10, 60, 50, 6, 6, 5, 3
2016/5/11, 76, 43, 6, 4, 4, 3
2016/5/12, 75, 44, 5, 1, , 3
2016/5/13, 63, 64, 6, 2, 1, 5
2016/5/14, 81, 59, 8, 2, 1, 5
2016/5/15, 71, , 7, 2, 1, 1
2016/5/16, 120, 71, 5, 2, 1, 7
2016/5/17, 85, 59, 7, 2, 1, 6
2016/5/18, 79, 60, 7, 2, 1, 5
2016/5/19, 86, 64, 39, 2, 1, 6
2016/5/20, 85, 88, 5, 3, 2, 5
2016/5/21, 57, 56, 9, 3, 2, 6
2016/5/22, 50, 67, 3, 3, 2, 7
2016/5/23, 83, 101, 7, 3, 2, 8
2016/5/24, 91, 30, 4, 3, 2, 8
2016/5/25, 74, 40, 6, 3, 2, 8
2016/5/26, 87, 32, 6, , , 7
2016/5/27, 82, 34, 8, 1, , 8
2016/5/28, 87, 33, 6, 1, 1, 8
2016/5/29, 86, 71, 4, 1, , 7
2016/5/30, 143, 22, 7, 1, 1, 7
2016/5/31, 63, 27, 6, 1, , 8
2016/6/1, 73, 35, 5, 1, , 8
2016/6/2, 88, 40, 5, 1, , 8
2016/6/3, 97, 41, 6, 1, , 8
2016/6/4, 94, 29, 6, 1, , 8
2016/6/5, 78, 30, 5, 1, , 7
2016/6/6, 78, 30, 6, 1, , 7
2016/6/7, 81, 27, 5, 1, , 7
2016/6/8, 74, 29, 6, 1, , 7
2016/6/9, 75, 29, 6, 1, , 7
2016/6/10, 78, 29, 5, 1, , 8
2016/6/11, 74, 22, 7, 1, , 9
2016/6/12, 62, 18, 7, 1, , 8
2016/6/13, 55, 21, 7, 1, , 8
2016/6/14, 61, 22, 6, 1, 1, 8
2016/6/15, 62, 20, 5, 3, 2, 8
2016/6/16, 59, 29, 6, 3, 2, 7
2016/6/17, 78, 24, 6, 2, 2, 8
2016/6/18, 69, 30, 7, 3, 2, 8
2016/6/19, 81, 30, 8, 3, 2, 9
2016/6/20, 81, 29, 11, 3, 2, 10
2016/6/21, 79, 33, 4, 3, 2, 8
2016/6/22, 88, , , , , 
2016/1/5, 170, 103, 78, 9, 3, 16
2016/1/6, 170, 125, 12, 1, 4, 13
2016/1/7, 191, 151, 10, 1, 5, 20
2016/1/8, 190, 119, 20, , 2, 13
2016/1/9, 174, 136, 22, , 3, 12
2016/1/10, 176, 109, 29, , 6, 13
2016/1/11, 175, 123, 33, , 6, 15
2016/1/12, 177, 100, 23, 1, 2, 9
2016/1/13, 158, 91, 25, 2, 3, 10
2016/1/14, 140, 114, 20, 2, 3, 13
2016/1/15, 151, 74, 25, 2, 6, 9
2016/1/16, 134, 67, 23, 2, 2, 5
2016/1/17, 123, 74, 25, 3, 3, 6
2016/1/18, 128, 85, 26, 4, 3, 7
2016/1/19, 138, 79, 21, 5, 4, 7
2016/1/20, 123, 85, 31, 5, 5, 7
2016/1/21, 134, 77, 24, 5, 5, 6
2016/1/22, 134, 71, 25, 6, 6, 7
2016/1/23, 127, 86, 25, 6, 6, 9
2016/1/24, 147, 113, 34, 5, 5, 9
2016/1/25, 150, 70, 32, 6, 6, 12
2016/1/26, 150, 83, 28, 4, 3, 10
2016/1/27, 115, 83, 24, 2, 1, 9
2016/1/28, 139, 136, 26, 5, 5, 13
2016/1/29, 185, 92, 27, 3, 3, 14
2016/1/30, 176, 118, 22, 3, 2, 9
2016/1/31, 163, 98, 18, 4, 3, 7
2016/2/1, 128, 111, 22, 4, 3, 9
2016/2/2, 139, 82, 26, 5, 4, 7
2016/2/3, 132, 86, 33, 5, 4, 9
2016/2/4, 143, 73, 27, 5, 5, 8
2016/2/5, 143, 62, 24, 4, 4, 7
2016/2/6, 130, 57, 21, 3, 2, 8
2016/2/7, 114, 40, 16, 3, 2, 6
2016/2/8, 85, 51, 21, 3, 2, 8
2016/2/9, 107, 70, 25, 2, 2, 9
2016/2/10, 134, 53, 21, 2, 2, 8
2016/2/11, 107, 34, 15, 2, 1, 5
2016/2/12, 73, 36, 14, 2, 1, 6
2016/2/13, 75, 45, 19, 3, 2, 6
2016/2/14, 95, 46, 28, 4, 3, 6
2016/2/15, 102, 60, 34, 6, 6, 7
2016/2/16, 120, 76, 30, 5, 4, 4
2016/2/17, 123, 94, 15, 2, 1, 4
2016/2/18, 132, 83, 13, 3, 2, 6
2016/2/19, 116, 73, 7, 2, 1, 4
2016/2/20, 95, 65, 11, 2, 1, 5
2016/2/21, 97, 74, 18, 4, 3, 6
2016/2/22, 117, 62, 26, 5, 4, 5
2016/2/23, 107, 86, 28, 5, 4, 7
2016/2/24, 131, 81, 16, 2, 2, 6
2016/2/25, 110, 74, 20, 3, 2, 6
2016/2/26, 106, 77, 18, 3, 2, 7
2016/2/27, 116, 121, 17, 3, 2, 10
2016/2/28, 156, 105, 15, 3, 2, 8
2016/2/29, 136, 102, 10, 3, 2, 9
2016/3/1, 141, 121, 15, 4, 3, 14
2016/3/2, 164, 93, 12, 3, 2, 10
2016/3/3, 141, 84, 17, 4, 3, 9
2016/3/4, 141, 66, 9, 3, 2, 8
2016/3/5, 85, 68, 12, 3, 2, 10
2016/3/6, 97, 50, 14, 2, 1, 6
2016/3/7, 60, 60, 23, 3, 2, 9
2016/3/8, 94, 64, 29, 4, 3, 8
2016/3/9, 105, 58, 26, 4, 3, 7
2016/3/10, 96, 76, 29, 5, 4, 7
2016/3/11, 112, 75, 29, 4, 3, 6
2016/3/12, 121, 52, 11, 3, 2, 4
2016/3/13, 81, 55, 8, 2, 1, 4
2016/3/14, 57, 49, 7, 2, 1, 5
2016/3/15, 67, 53, 16, 2, 1, 5
2016/3/16, 78, 66, 11, 2, 1, 5
2016/3/17, 88, 97, 11, 2, 1, 6
2016/3/18, 93, 79, 7, 2, 1, 7
2016/3/19, 110, 70, 8, 2, 1, 5
2016/3/20, 96, 86, 8, 2, 1, 3
2016/3/21, 107, 77, 7, 2, 1, 5
2016/3/22, 109, 124, 8, 2, 1, 7
2016/3/23, 145, 88, 19, 2, 1, 8
2016/3/24, 129, 116, 11, 2, 1, 6
2016/3/25, 105, 84, 8, 2, 1, 5
2016/3/26, 98, 102, 5, 3, 2, 4
2016/3/27, 97, 95, 5, 3, 2, 4
2016/3/28, 106, 83, 6, 3, 3, 6
2016/3/29, 116, 89, 6, 3, 2, 5
2016/3/30, 109, 71, 6, 3, 2, 5
2016/3/31, 99, 62, 6, 3, 2, 5
2016/4/1, 79, 49, 5, 3, 2, 4
2015/12/31, 147, 320, 7, 3, 8, 74
2016/1/1, 208, , , , , 
2016/1/4, 159, 109, 27, 9, 4, 19
2020/6/6, , 29, 4, , 4, 8
2020/3/4, , 60, 7, 9, 7, 14
2020/1/1, , 88, 27, 15, 6, 22
2019/7/26, , 56, 3, 8, 5, 19
2019/7/29, , 39, 6, 7, 4, 20
2019/7/30, , 43, 6, 7, 4, 20
2019/8/28, , 41, 2, 4, 7, 21
2019/1/1, , 139, 21, 30, 11, 24
2018/12/1, , 119, 31, 18, 8, 24
2018/12/15, , 102, 17, 20, 15, 16
2018/1/5, , 111, 34, 19, 6, 23
2017/7/6, , 61, 1, 9, 4, 6
2017/9/11, , 75, 12, 2, 9, 16
2017/1/2, , 147, 33, 5, 6, 19
2016/10/30, , 104, 19, 20, 11, 14
2016/7/1, , 195, , 13, 18, 
2015/12/30, , 119, 27, 1, 6, 22
2016/1/3, , 97, 26, 8, 4, 16