date, pm25
2020/7/2, 131
2020/7/3, 142
2020/7/4, 144
2020/7/5, 116
2020/7/6, 80
2020/7/7, 114
2020/7/8, 56
2020/7/9, 69
2020/7/10, 85
2020/7/11, 73
2020/7/12, 60
2020/7/13, 62
2020/7/14, 83
2020/7/15, 103
2020/7/16, 105
2020/7/17, 84
2020/7/18, 118
2020/7/19, 109
2020/7/20, 69
2020/7/21, 60
2020/7/22, 67
2020/7/23, 56
2020/7/24, 91
2020/7/25, 103
2020/7/26, 82
2020/6/2, 106
2020/6/3, 104
2020/6/4, 127
2020/6/5, 132
2020/6/6, 99
2020/6/7, 87
2020/6/8, 104
2020/6/9, 108
2020/6/10, 140
2020/6/11, 133
2020/6/12, 123
2020/6/13, 149
2020/6/14, 130
2020/6/15, 148
2020/6/16, 121
2020/6/17, 106
2020/6/18, 89
2020/6/19, 100
2020/6/20, 138
2020/6/21, 103
2020/6/22, 109
2020/6/23, 109
2020/6/24, 79
2020/6/25, 87
2020/6/26, 92
2020/6/27, 114
2020/6/28, 105
2020/6/29, 138
2020/6/30, 104
2020/7/1, 109
2020/5/2, 146
2020/5/3, 102
2020/5/4, 93
2020/5/5, 79
2020/5/6, 118
2020/5/7, 139
2020/5/8, 86
2020/5/9, 120
2020/5/10, 140
2020/5/11, 111
2020/5/12, 122
2020/5/13, 118
2020/5/14, 152
2020/5/15, 124
2020/5/16, 120
2020/5/17, 143
2020/5/18, 160
2020/5/19, 159
2020/5/20, 158
2020/5/21, 134
2020/5/22, 118
2020/5/23, 149
2020/5/24, 136
2020/5/25, 121
2020/5/26, 130
2020/5/27, 127
2020/5/28, 118
2020/5/29, 105
2020/5/30, 78
2020/5/31, 76
2020/6/1, 68
2020/4/2, 89
2020/4/3, 76
2020/4/4, 91
2020/4/5, 98
2020/4/6, 117
2020/4/7, 118
2020/4/8, 90
2020/4/9, 100
2020/4/10, 99
2020/4/11, 124
2020/4/12, 118
2020/4/13, 105
2020/4/14, 129
2020/4/15, 121
2020/4/16, 128
2020/4/17, 133
2020/4/18, 76
2020/4/19, 84
2020/4/20, 82
2020/4/21, 92
2020/4/22, 92
2020/4/23, 117
2020/4/24, 115
2020/4/25, 133
2020/4/26, 77
2020/4/27, 103
2020/4/28, 82
2020/4/29, 105
2020/4/30, 135
2020/5/1, 136
2020/3/2, 102
2020/3/3, 165
2020/3/4, 150
2020/3/5, 149
2020/3/6, 85
2020/3/7, 67
2020/3/8, 109
2020/3/9, 136
2020/3/10, 127
2020/3/11, 160
2020/3/12, 139
2020/3/13, 129
2020/3/14, 139
2020/3/15, 107
2020/3/16, 140
2020/3/17, 141
2020/3/18, 142
2020/3/19, 141
2020/3/20, 163
2020/3/21, 165
2020/3/22, 146
2020/3/23, 146
2020/3/24, 120
2020/3/25, 123
2020/3/26, 93
2020/3/27, 105
2020/3/28, 76
2020/3/29, 64
2020/3/30, 75
2020/3/31, 99
2020/4/1, 95
2020/2/2, 177
2020/2/3, 191
2020/2/4, 192
2020/2/5, 227
2020/2/6, 199
2020/2/7, 182
2020/2/8, 195
2020/2/9, 216
2020/2/10, 215
2020/2/11, 242
2020/2/12, 231
2020/2/13, 242
2020/2/14, 172
2020/2/15, 150
2020/2/16, 162
2020/2/17, 183
2020/2/18, 224
2020/2/19, 198
2020/2/20, 184
2020/2/21, 174
2020/2/22, 119
2020/2/23, 148
2020/2/24, 169
2020/2/25, 151
2020/2/26, 214
2020/2/27, 198
2020/2/28, 175
2020/2/29, 165
2020/3/1, 144
2020/1/2, 357
2020/1/3, 325
2020/1/4, 276
2020/1/5, 260
2020/1/6, 219
2020/1/7, 210
2020/1/8, 187
2020/1/9, 189
2020/1/10, 172
2020/1/11, 199
2020/1/12, 214
2020/1/13, 253
2020/1/14, 265
2020/1/15, 183
2020/1/16, 180
2020/1/17, 211
2020/1/18, 181
2020/1/19, 194
2020/1/20, 194
2020/1/21, 211
2020/1/22, 256
2020/1/23, 268
2020/1/24, 145
2020/1/25, 157
2020/1/26, 186
2020/1/27, 246
2020/1/28, 253
2020/1/29, 181
2020/1/30, 157
2020/1/31, 165
2020/2/1, 170
2019/10/2, 87
2019/10/3, 102
2019/10/4, 130
2019/10/5, 122
2019/10/6, 103
2019/10/7, 145
2019/10/8, 133
2019/10/9, 107
2019/10/10, 152
2019/10/11, 162
2019/10/12, 181
2019/10/16, 175
2019/10/17, 191
2019/10/18, 178
2019/10/19, 159
2019/10/20, 139
2019/10/21, 164
2019/10/22, 179
2019/10/23, 163
2019/10/24, 174
2019/10/25, 198
2019/10/26, 182
2019/10/27, 187
2019/10/28, 236
2019/10/29, 298
2019/10/30, 310
2019/10/31, 305
2019/11/1, 328
2019/11/2, 424
2019/11/3, 350
2019/11/4, 553
2019/11/5, 313
2019/11/6, 263
2019/11/7, 163
2019/11/8, 251
2019/11/9, 212
2019/11/10, 199
2019/11/11, 252
2019/11/12, 287
2019/11/13, 398
2019/11/14, 434
2019/11/15, 436
2019/11/16, 458
2019/11/17, 252
2019/11/18, 163
2019/11/19, 179
2019/11/20, 184
2019/11/21, 196
2019/11/22, 254
2019/11/23, 227
2019/11/24, 193
2019/11/25, 178
2019/11/26, 182
2019/11/27, 174
2019/11/28, 126
2019/11/29, 91
2019/11/30, 130
2019/12/1, 177
2019/12/2, 191
2019/12/3, 195
2019/12/4, 193
2019/12/5, 191
2019/12/6, 288
2019/12/7, 297
2019/12/8, 295
2019/12/9, 282
2019/12/10, 249
2019/12/11, 267
2019/12/12, 301
2019/12/13, 312
2019/12/14, 175
2019/12/15, 164
2019/12/16, 173
2019/12/17, 174
2019/12/18, 175
2019/12/19, 204
2019/12/20, 329
2019/12/21, 377
2019/12/22, 325
2019/12/23, 208
2019/12/24, 243
2019/12/25, 341
2019/12/26, 231
2019/12/27, 267
2019/12/28, 293
2019/12/29, 347
2019/12/30, 407
2019/7/2, 146
2019/7/3, 155
2019/7/4, 102
2019/7/5, 91
2019/7/6, 122
2019/7/7, 87
2019/7/8, 98
2019/7/9, 133
2019/7/10, 123
2019/7/11, 147
2019/7/12, 157
2019/7/13, 153
2019/7/14, 141
2019/7/15, 150
2019/7/16, 112
2019/7/17, 98
2019/7/18, 100
2019/7/19, 82
2019/7/20, 141
2019/7/21, 120
2019/7/22, 116
2019/7/23, 135
2019/7/24, 150
2019/7/25, 136
2019/7/26, 66
2019/7/27, 90
2019/7/28, 74
2019/7/29, 65
2019/7/30, 63
2019/7/31, 78
2019/8/1, 79
2019/8/2, 88
2019/8/3, 94
2019/8/4, 101
2019/8/5, 125
2019/8/6, 130
2019/8/7, 84
2019/8/8, 91
2019/8/9, 71
2019/8/10, 50
2019/8/11, 53
2019/8/12, 75
2019/8/13, 67
2019/8/14, 70
2019/8/15, 86
2019/8/16, 90
2019/8/17, 58
2019/8/18, 36
2019/8/19, 49
2019/8/20, 103
2019/8/21, 122
2019/8/22, 122
2019/8/23, 114
2019/8/24, 132
2019/8/25, 153
2019/8/27, 65
2019/8/28, 97
2019/8/29, 106
2019/8/30, 93
2019/8/31, 95
2019/9/1, 119
2019/9/2, 89
2019/9/3, 116
2019/9/4, 154
2019/9/5, 158
2019/9/6, 89
2019/9/7, 85
2019/9/8, 83
2019/9/9, 93
2019/9/10, 137
2019/9/11, 146
2019/9/12, 159
2019/9/13, 136
2019/9/14, 90
2019/9/15, 78
2019/9/16, 102
2019/9/17, 139
2019/9/18, 140
2019/9/19, 98
2019/9/20, 68
2019/9/21, 89
2019/9/22, 100
2019/9/23, 74
2019/9/24, 91
2019/9/25, 95
2019/9/26, 88
2019/9/27, 59
2019/9/28, 45
2019/9/29, 61
2019/9/30, 50
2019/10/1, 82
2019/4/2, 133
2019/4/3, 137
2019/4/4, 144
2019/4/5, 161
2019/4/6, 170
2019/4/7, 152
2019/4/8, 199
2019/4/9, 149
2019/4/10, 155
2019/4/11, 158
2019/4/12, 148
2019/4/13, 137
2019/4/14, 122
2019/4/15, 123
2019/4/16, 127
2019/4/17, 127
2019/4/18, 63
2019/4/19, 99
2019/4/20, 148
2019/4/21, 159
2019/4/22, 147
2019/4/23, 169
2019/4/24, 163
2019/4/25, 158
2019/4/26, 167
2019/4/27, 161
2019/4/28, 160
2019/4/29, 173
2019/4/30, 175
2019/5/1, 167
2019/5/2, 174
2019/5/3, 161
2019/5/4, 178
2019/5/5, 161
2019/5/6, 190
2019/5/7, 183
2019/5/8, 188
2019/5/9, 218
2019/5/10, 218
2019/5/11, 197
2019/5/12, 184
2019/5/13, 276
2019/5/14, 268
2019/5/15, 125
2019/5/16, 147
2019/5/17, 138
2019/5/18, 145
2019/5/19, 108
2019/5/20, 159
2019/5/21, 162
2019/5/22, 149
2019/5/23, 134
2019/5/24, 159
2019/5/25, 106
2019/5/26, 109
2019/5/27, 124
2019/5/28, 124
2019/5/29, 129
2019/5/30, 136
2019/5/31, 146
2019/6/1, 155
2019/6/2, 164
2019/6/3, 154
2019/6/4, 143
2019/6/5, 130
2019/6/6, 151
2019/6/7, 145
2019/6/8, 126
2019/6/9, 132
2019/6/10, 151
2019/6/11, 132
2019/6/12, 166
2019/6/13, 129
2019/6/14, 120
2019/6/15, 116
2019/6/16, 156
2019/6/17, 117
2019/6/18, 104
2019/6/19, 91
2019/6/20, 163
2019/6/21, 102
2019/6/22, 150
2019/6/23, 148
2019/6/24, 104
2019/6/25, 75
2019/6/26, 127
2019/6/27, 152
2019/6/28, 153
2019/6/29, 136
2019/6/30, 143
2019/7/1, 153
2019/1/2, 319
2019/1/3, 328
2019/1/4, 375
2019/1/5, 292
2019/1/6, 282
2019/1/7, 227
2019/1/8, 233
2019/1/9, 235
2019/1/10, 202
2019/1/11, 209
2019/1/12, 297
2019/1/13, 287
2019/1/14, 301
2019/1/15, 158
2019/1/16, 181
2019/1/17, 280
2019/1/18, 371
2019/1/19, 283
2019/1/20, 280
2019/1/21, 281
2019/1/22, 210
2019/1/23, 119
2019/1/24, 199
2019/1/25, 203
2019/1/26, 154
2019/1/27, 169
2019/1/28, 200
2019/1/29, 175
2019/1/30, 194
2019/1/31, 250
2019/2/1, 267
2019/2/2, 226
2019/2/3, 246
2019/2/4, 205
2019/2/5, 181
2019/2/6, 237
2019/2/7, 247
2019/2/8, 138
2019/2/9, 127
2019/2/10, 164
2019/2/11, 222
2019/3/19, 124
2019/3/20, 161
2019/3/21, 146
2019/3/22, 184
2019/3/23, 99
2019/3/24, 123
2019/3/25, 132
2019/3/26, 140
2019/3/27, 142
2019/3/28, 139
2019/3/29, 161
2019/3/30, 162
2019/3/31, 160
2019/4/1, 124
2018/10/2, 151
2018/10/3, 156
2018/10/4, 125
2018/10/5, 167
2018/10/6, 174
2018/10/7, 148
2018/10/8, 157
2018/10/9, 174
2018/10/10, 171
2018/10/11, 162
2018/10/12, 134
2018/10/13, 135
2018/10/14, 181
2018/10/15, 160
2018/10/16, 177
2018/10/17, 180
2018/10/18, 172
2018/10/19, 167
2018/10/20, 182
2018/10/21, 202
2018/10/22, 180
2018/10/23, 170
2018/10/24, 164
2018/10/25, 186
2018/10/26, 204
2018/10/27, 169
2018/10/28, 242
2018/10/29, 248
2018/10/30, 263
2018/10/31, 312
2018/11/1, 249
2018/11/2, 257
2018/11/3, 241
2018/11/4, 203
2018/11/5, 146
2018/11/6, 370
2018/11/7, 232
2018/11/8, 195
2018/11/9, 357
2018/11/10, 321
2018/11/11, 304
2018/11/12, 276
2018/11/13, 287
2018/11/14, 279
2018/11/15, 210
2018/11/16, 172
2018/11/17, 209
2018/11/18, 188
2018/11/19, 192
2018/11/20, 232
2018/11/21, 249
2018/11/22, 281
2018/11/23, 174
2018/11/24, 229
2018/11/25, 169
2018/11/26, 174
2018/11/27, 222
2018/11/28, 199
2018/11/29, 209
2018/11/30, 224
2018/12/1, 232
2018/12/2, 208
2018/12/3, 177
2018/12/4, 211
2018/12/5, 227
2018/12/6, 214
2018/12/7, 232
2018/12/8, 235
2018/12/9, 243
2018/12/10, 240
2018/12/11, 288
2018/12/12, 298
2018/12/13, 255
2018/12/14, 156
2018/12/15, 173
2018/12/16, 185
2018/12/17, 189
2018/12/18, 230
2018/12/19, 271
2018/12/20, 247
2018/12/21, 281
2018/12/22, 310
2018/12/23, 359
2018/12/24, 394
2018/12/25, 355
2018/12/26, 350
2018/12/27, 277
2018/12/28, 286
2018/12/29, 297
2018/12/30, 270
2018/12/31, 304
2018/7/2, 79
2018/7/3, 82
2018/7/4, 103
2018/7/5, 118
2018/7/6, 126
2018/7/7, 134
2018/7/8, 144
2018/7/9, 144
2018/7/10, 158
2018/7/11, 119
2018/7/12, 105
2018/7/13, 122
2018/7/14, 86
2018/7/15, 94
2018/7/16, 91
2018/7/17, 97
2018/7/18, 89
2018/7/19, 103
2018/7/20, 97
2018/7/21, 103
2018/7/22, 136
2018/7/23, 82
2018/7/24, 90
2018/7/25, 101
2018/7/26, 89
2018/7/27, 87
2018/7/28, 80
2018/7/29, 96
2018/7/30, 94
2018/7/31, 108
2018/8/1, 113
2018/8/2, 113
2018/8/3, 149
2018/8/4, 145
2018/8/5, 141
2018/8/6, 143
2018/8/7, 133
2018/8/8, 117
2018/8/9, 76
2018/8/10, 81
2018/8/11, 98
2018/8/12, 72
2018/8/13, 52
2018/8/14, 68
2018/8/15, 100
2018/8/16, 102
2018/8/17, 73
2018/8/18, 82
2018/8/19, 71
2018/8/20, 114
2018/8/21, 167
2018/8/22, 38
2018/8/24, 61
2018/8/25, 44
2018/8/26, 43
2018/8/27, 43
2018/8/28, 52
2018/8/29, 74
2018/8/30, 56
2018/8/31, 84
2018/9/1, 115
2018/9/2, 106
2018/9/4, 113
2018/9/5, 124
2018/9/6, 92
2018/9/7, 99
2018/9/8, 83
2018/9/9, 64
2018/9/10, 46
2018/9/11, 59
2018/9/13, 7
2018/9/14, 17
2018/9/15, 103
2018/9/16, 83
2018/9/17, 102
2018/9/18, 137
2018/9/19, 132
2018/9/20, 139
2018/9/21, 149
2018/9/22, 100
2018/9/23, 54
2018/9/24, 79
2018/9/25, 54
2018/9/26, 59
2018/9/27, 98
2018/9/28, 144
2018/9/29, 143
2018/9/30, 152
2018/10/1, 130
2018/4/2, 138
2018/4/3, 152
2018/4/4, 160
2018/4/5, 161
2018/4/6, 204
2018/4/7, 145
2018/4/8, 88
2018/4/9, 112
2018/4/10, 105
2018/4/11, 149
2018/4/12, 106
2018/4/13, 86
2018/4/14, 124
2018/4/15, 136
2018/4/16, 157
2018/4/17, 161
2018/4/18, 133
2018/4/19, 126
2018/4/20, 160
2018/4/21, 155
2018/4/22, 193
2018/4/23, 122
2018/4/24, 158
2018/4/25, 175
2018/4/26, 148
2018/4/27, 180
2018/4/28, 169
2018/4/29, 162
2018/4/30, 162
2018/5/1, 155
2018/5/2, 119
2018/5/3, 126
2018/5/4, 116
2018/5/5, 98
2018/5/6, 134
2018/5/7, 143
2018/5/8, 159
2018/5/9, 119
2018/5/10, 144
2018/5/11, 163
2018/5/12, 181
2018/5/13, 201
2018/5/14, 161
2018/5/15, 109
2018/5/16, 147
2018/5/17, 146
2018/5/18, 167
2018/5/19, 163
2018/5/20, 158
2018/5/21, 145
2018/5/22, 137
2018/5/23, 158
2018/5/24, 180
2018/5/25, 173
2018/5/26, 145
2018/5/27, 146
2018/5/28, 151
2018/5/29, 165
2018/5/30, 163
2018/5/31, 131
2018/6/1, 139
2018/6/2, 145
2018/6/3, 104
2018/6/4, 121
2018/6/5, 135
2018/6/6, 107
2018/6/7, 123
2018/6/8, 146
2018/6/9, 148
2018/6/10, 119
2018/6/11, 127
2018/6/12, 148
2018/6/13, 208
2018/6/14, 286
2018/6/15, 260
2018/6/16, 195
2018/6/17, 204
2018/6/19, 107
2018/6/20, 113
2018/6/21, 144
2018/6/22, 149
2018/6/23, 145
2018/6/24, 152
2018/6/25, 128
2018/6/26, 148
2018/6/27, 119
2018/6/28, 119
2018/6/29, 71
2018/6/30, 97
2018/7/1, 107
2018/1/2, 389
2018/1/3, 420
2018/1/4, 343
2018/1/5, 290
2018/1/6, 341
2018/1/7, 323
2018/1/8, 293
2018/1/9, 233
2018/1/10, 305
2018/1/11, 270
2018/1/12, 236
2018/1/13, 249
2018/1/14, 258
2018/1/15, 259
2018/1/16, 297
2018/1/17, 200
2018/1/18, 284
2018/1/19, 332
2018/1/20, 358
2018/1/21, 267
2018/1/22, 231
2018/1/23, 251
2018/1/24, 256
2018/1/25, 229
2018/1/26, 207
2018/1/27, 238
2018/1/28, 251
2018/1/29, 273
2018/1/30, 261
2018/1/31, 225
2018/2/1, 206
2018/2/2, 210
2018/2/3, 219
2018/2/4, 179
2018/2/5, 204
2018/2/6, 222
2018/2/7, 216
2018/2/8, 193
2018/2/9, 223
2018/2/10, 259
2018/2/11, 227
2018/2/12, 180
2018/2/13, 154
2018/2/14, 167
2018/2/15, 144
2018/2/16, 152
2018/2/17, 169
2018/2/21, 156
2018/2/22, 193
2018/2/23, 205
2018/2/24, 186
2018/2/25, 198
2018/2/26, 170
2018/2/27, 131
2018/2/28, 153
2018/3/1, 217
2018/3/2, 170
2018/3/3, 175
2018/3/4, 167
2018/3/5, 145
2018/3/6, 140
2018/3/7, 140
2018/3/8, 147
2018/3/9, 168
2018/3/10, 178
2018/3/11, 141
2018/3/12, 160
2018/3/13, 171
2018/3/14, 154
2018/3/15, 157
2018/3/16, 143
2018/3/17, 161
2018/3/18, 132
2018/3/19, 142
2018/3/20, 136
2018/3/21, 156
2018/3/22, 182
2018/3/23, 147
2018/3/24, 125
2018/3/25, 137
2018/3/26, 152
2018/3/27, 146
2018/3/28, 143
2018/3/29, 143
2018/3/30, 147
2018/3/31, 143
2018/4/1, 158
2017/10/2, 144
2017/10/3, 124
2017/10/4, 143
2017/10/5, 157
2017/10/6, 148
2017/10/7, 140
2017/10/8, 155
2017/10/9, 176
2017/10/10, 170
2017/10/11, 175
2017/10/12, 178
2017/10/13, 188
2017/10/14, 190
2017/10/15, 183
2017/10/16, 219
2017/10/17, 195
2017/10/18, 198
2017/10/19, 207
2017/10/20, 224
2017/10/21, 524
2017/10/22, 290
2017/10/23, 217
2017/10/24, 200
2017/10/25, 215
2017/10/26, 240
2017/10/27, 207
2017/10/28, 213
2017/10/29, 229
2017/10/30, 239
2017/10/31, 260
2017/12/21, 405
2017/12/22, 413
2017/12/23, 273
2017/12/24, 196
2017/12/25, 234
2017/12/26, 347
2017/12/27, 309
2017/12/28, 284
2017/12/29, 317
2017/12/30, 291
2017/12/31, 347
2018/1/1, 370
2017/7/2, 104
2017/7/3, 66
2017/7/4, 110
2017/7/5, 119
2017/7/6, 125
2017/7/7, 122
2017/7/8, 115
2017/7/9, 112
2017/7/10, 133
2017/7/11, 104
2017/7/12, 98
2017/7/13, 70
2017/7/14, 67
2017/7/15, 76
2017/7/16, 80
2017/7/18, 88
2017/7/19, 110
2017/7/20, 122
2017/7/21, 86
2017/7/22, 66
2017/7/23, 59
2017/7/24, 66
2017/7/25, 59
2017/7/26, 64
2017/7/27, 65
2017/7/28, 68
2017/7/29, 76
2017/7/30, 84
2017/7/31, 39
2017/8/1, 58
2017/8/2, 58
2017/8/3, 80
2017/8/4, 78
2017/8/5, 108
2017/8/6, 134
2017/8/7, 149
2017/8/8, 135
2017/8/9, 108
2017/8/10, 121
2017/8/11, 119
2017/8/12, 72
2017/8/13, 54
2017/8/14, 65
2017/8/15, 75
2017/8/16, 86
2017/8/17, 91
2017/8/18, 100
2017/8/19, 108
2017/8/20, 96
2017/8/21, 73
2017/8/22, 76
2017/8/25, 141
2017/8/26, 146
2017/9/12, 128
2017/9/13, 111
2017/9/14, 136
2017/9/15, 152
2017/9/16, 128
2017/9/17, 134
2017/9/18, 116
2017/9/19, 120
2017/9/20, 136
2017/9/21, 147
2017/9/22, 115
2017/9/23, 43
2017/9/24, 38
2017/9/25, 89
2017/9/26, 127
2017/9/27, 144
2017/9/28, 157
2017/9/29, 154
2017/9/30, 163
2017/10/1, 151
2017/4/2, 157
2017/4/3, 145
2017/4/4, 118
2017/4/5, 108
2017/4/6, 83
2017/4/7, 114
2017/4/8, 216
2017/4/9, 176
2017/4/10, 83
2017/4/11, 107
2017/4/12, 137
2017/4/13, 149
2017/4/14, 167
2017/4/15, 187
2017/4/16, 174
2017/4/17, 211
2017/4/18, 178
2017/4/19, 189
2017/4/20, 150
2017/4/21, 155
2017/4/22, 174
2017/4/23, 174
2017/4/24, 162
2017/4/25, 162
2017/4/26, 147
2017/4/27, 96
2017/4/28, 131
2017/4/29, 137
2017/4/30, 99
2017/5/2, 96
2017/5/3, 161
2017/5/4, 179
2017/5/5, 145
2017/5/6, 219
2017/5/7, 206
2017/5/8, 195
2017/5/9, 186
2017/5/10, 153
2017/5/11, 138
2017/5/12, 132
2017/5/13, 219
2017/5/14, 170
2017/5/15, 162
2017/5/16, 136
2017/5/17, 171
2017/5/18, 135
2017/5/19, 157
2017/5/20, 126
2017/5/21, 138
2017/5/22, 182
2017/5/23, 158
2017/5/24, 154
2017/5/25, 157
2017/5/26, 138
2017/5/27, 153
2017/5/28, 129
2017/5/29, 88
2017/5/30, 106
2017/5/31, 131
2017/6/1, 112
2017/6/2, 155
2017/6/3, 168
2017/6/4, 149
2017/6/5, 156
2017/6/6, 113
2017/6/7, 122
2017/6/8, 81
2017/6/9, 102
2017/6/10, 143
2017/6/11, 142
2017/6/12, 97
2017/6/13, 117
2017/6/14, 107
2017/6/15, 120
2017/6/16, 138
2017/6/17, 110
2017/6/18, 99
2017/6/19, 125
2017/6/20, 119
2017/6/21, 81
2017/6/22, 132
2017/6/23, 126
2017/6/24, 117
2017/6/25, 131
2017/6/26, 148
2017/6/27, 125
2017/6/28, 99
2017/6/29, 75
2017/6/30, 64
2017/7/1, 64
2017/1/3, 241
2017/1/4, 263
2017/1/5, 231
2017/1/6, 217
2017/1/7, 213
2017/1/8, 192
2017/1/9, 188
2017/1/10, 203
2017/1/11, 167
2017/1/12, 200
2017/1/13, 279
2017/1/14, 294
2017/1/15, 327
2017/1/16, 232
2017/1/17, 214
2017/1/18, 200
2017/1/19, 220
2017/1/20, 210
2017/1/21, 170
2017/1/22, 292
2017/1/23, 300
2017/1/24, 231
2017/1/25, 252
2017/1/26, 260
2017/1/27, 183
2017/1/28, 128
2017/1/29, 185
2017/1/30, 197
2017/1/31, 207
2017/2/1, 207
2017/2/2, 185
2017/2/3, 235
2017/2/4, 254
2017/2/5, 201
2017/2/6, 194
2017/2/7, 221
2017/2/8, 157
2017/2/9, 188
2017/2/10, 183
2017/2/11, 168
2017/2/12, 174
2017/2/13, 191
2017/2/14, 179
2017/2/15, 190
2017/2/16, 191
2017/2/17, 180
2017/2/18, 169
2017/2/19, 163
2017/2/20, 167
2017/2/21, 164
2017/2/22, 162
2017/2/23, 145
2017/2/24, 138
2017/2/25, 121
2017/2/26, 131
2017/2/27, 159
2017/2/28, 153
2017/3/1, 145
2017/3/2, 162
2017/3/3, 169
2017/3/4, 115
2017/3/5, 135
2017/3/6, 133
2017/3/7, 148
2017/3/8, 158
2017/3/9, 113
2017/3/10, 117
2017/3/11, 90
2017/3/12, 74
2017/3/13, 96
2017/3/14, 125
2017/3/15, 132
2017/3/16, 164
2017/3/17, 170
2017/3/18, 157
2017/3/19, 147
2017/3/20, 147
2017/3/21, 172
2017/3/22, 166
2017/3/23, 162
2017/3/24, 190
2017/3/25, 151
2017/3/26, 132
2017/3/27, 138
2017/3/28, 144
2017/3/29, 179
2017/3/30, 169
2017/3/31, 125
2017/4/1, 138
2016/10/2, 170
2016/10/3, 142
2016/10/4, 159
2016/10/5, 185
2016/10/6, 143
2016/10/7, 170
2016/10/8, 174
2016/10/9, 167
2016/10/10, 182
2016/10/11, 161
2016/10/12, 172
2016/10/13, 159
2016/10/14, 126
2016/10/15, 136
2016/10/16, 178
2016/10/17, 159
2016/10/18, 171
2016/10/19, 177
2016/10/20, 156
2016/10/21, 144
2016/10/22, 130
2016/10/23, 144
2016/10/24, 198
2016/10/25, 179
2016/10/26, 140
2016/10/27, 192
2016/10/28, 292
2016/10/29, 291
2016/10/30, 277
2016/10/31, 329
2016/11/1, 579
2016/11/2, 445
2016/11/3, 558
2016/11/4, 637
2016/11/5, 348
2016/11/6, 707
2016/11/7, 787
2016/11/8, 573
2016/11/9, 408
2016/11/10, 358
2016/11/11, 306
2016/11/12, 323
2016/11/13, 285
2016/11/14, 232
2016/11/15, 221
2016/11/16, 253
2016/11/17, 299
2016/11/18, 264
2016/11/19, 247
2016/11/20, 253
2016/11/21, 262
2016/11/22, 254
2016/11/23, 184
2016/11/24, 198
2016/11/25, 244
2016/11/26, 178
2016/11/27, 161
2016/11/28, 169
2016/11/29, 157
2016/11/30, 218
2016/12/1, 298
2016/12/2, 324
2016/12/3, 332
2016/12/4, 236
2016/12/5, 212
2016/12/6, 227
2016/12/7, 318
2016/12/8, 320
2016/12/9, 300
2016/12/10, 283
2016/12/11, 270
2016/12/12, 235
2016/12/13, 234
2016/12/14, 230
2016/12/15, 204
2016/12/16, 210
2016/12/17, 208
2016/12/18, 280
2016/12/19, 283
2016/12/20, 296
2016/12/21, 216
2016/12/22, 183
2016/12/23, 220
2016/12/24, 387
2016/12/25, 430
2016/12/26, 316
2016/12/27, 241
2016/12/28, 232
2016/12/29, 255
2016/12/30, 319
2016/12/31, 254
2017/1/1, 258
2017/1/2, 222
2016/7/2, 98
2016/7/3, 75
2016/7/6, 119
2016/7/7, 157
2016/7/8, 107
2016/7/9, 125
2016/7/10, 128
2016/7/11, 102
2016/7/12, 117
2016/7/13, 79
2016/7/14, 97
2016/7/15, 99
2016/7/16, 87
2016/7/17, 67
2016/7/18, 86
2016/7/19, 71
2016/7/20, 78
2016/7/21, 95
2016/7/22, 85
2016/7/23, 103
2016/7/24, 89
2016/7/25, 120
2016/7/26, 153
2016/7/27, 131
2016/7/28, 104
2016/7/29, 101
2016/7/30, 125
2016/7/31, 90
2016/8/1, 113
2016/8/2, 79
2016/8/3, 78
2016/8/4, 69
2016/8/5, 76
2016/8/6, 84
2016/8/7, 78
2016/8/8, 87
2016/8/9, 79
2016/8/10, 77
2016/8/11, 77
2016/8/12, 65
2016/8/13, 98
2016/8/14, 108
2016/8/15, 95
2016/8/16, 103
2016/8/17, 87
2016/8/18, 107
2016/8/19, 127
2016/8/20, 117
2016/8/21, 88
2016/8/22, 61
2016/8/23, 60
2016/8/24, 88
2016/8/25, 82
2016/8/26, 86
2016/8/27, 121
2016/8/28, 99
2016/8/29, 111
2016/8/30, 99
2016/8/31, 101
2016/9/1, 73
2016/9/2, 63
2016/9/3, 97
2016/9/4, 98
2016/9/5, 83
2016/9/6, 70
2016/9/7, 73
2016/9/8, 89
2016/9/9, 93
2016/9/10, 95
2016/9/11, 79
2016/9/12, 72
2016/9/13, 75
2016/9/14, 108
2016/9/15, 93
2016/9/16, 153
2016/9/17, 132
2016/9/18, 155
2016/9/19, 161
2016/9/20, 147
2016/9/21, 165
2016/9/22, 154
2016/9/23, 75
2016/9/24, 105
2016/9/25, 123
2016/9/26, 130
2016/9/27, 150
2016/9/28, 124
2016/9/29, 162
2016/9/30, 170
2016/10/1, 144
2016/4/2, 145
2016/4/3, 124
2016/4/4, 186
2016/4/5, 135
2016/4/6, 111
2016/4/7, 115
2016/4/8, 164
2016/4/9, 103
2016/4/10, 161
2016/4/11, 105
2016/4/12, 97
2016/4/13, 89
2016/4/14, 111
2016/4/15, 132
2016/4/16, 158
2016/4/17, 150
2016/4/18, 132
2016/4/19, 124
2016/4/20, 158
2016/4/21, 148
2016/4/22, 134
2016/4/23, 152
2016/4/24, 116
2016/4/25, 182
2016/4/26, 160
2016/4/27, 176
2016/4/28, 194
2016/4/29, 272
2016/4/30, 271
2016/5/1, 341
2016/5/2, 212
2016/5/3, 158
2016/5/4, 154
2016/5/5, 173
2016/5/6, 133
2016/5/7, 99
2016/5/8, 141
2016/5/9, 159
2016/5/10, 162
2016/5/11, 151
2016/5/12, 137
2016/5/13, 173
2016/5/14, 142
2016/5/15, 148
2016/5/16, 171
2016/5/17, 132
2016/5/18, 147
2016/5/19, 146
2016/5/20, 163
2016/5/21, 140
2016/5/22, 147
2016/5/23, 135
2016/5/24, 116
2016/5/25, 109
2016/5/26, 163
2016/5/27, 165
2016/5/28, 201
2016/5/29, 161
2016/5/30, 78
2016/5/31, 106
2016/6/1, 138
2016/6/2, 120
2016/6/3, 116
2016/6/4, 162
2016/6/5, 158
2016/6/6, 147
2016/6/7, 109
2016/6/8, 124
2016/6/9, 132
2016/6/10, 134
2016/6/11, 136
2016/6/12, 99
2016/6/13, 114
2016/6/14, 149
2016/6/15, 98
2016/6/16, 155
2016/6/17, 107
2016/6/18, 108
2016/6/19, 135
2016/6/20, 111
2016/6/21, 105
2016/6/22, 94
2016/6/23, 118
2016/6/24, 114
2016/6/25, 154
2016/6/26, 151
2016/6/27, 143
2016/6/28, 149
2016/6/29, 119
2016/6/30, 92
2016/7/1, 102
2016/1/5, 434
2016/1/6, 391
2016/1/7, 394
2016/1/8, 467
2016/1/9, 432
2016/1/10, 268
2016/1/11, 233
2016/1/12, 265
2016/1/13, 255
2016/1/14, 347
2016/1/15, 301
2016/1/16, 237
2016/1/17, 201
2016/1/18, 232
2016/1/19, 321
2016/1/20, 351
2016/1/21, 339
2016/1/22, 257
2016/1/23, 371
2016/1/24, 322
2016/1/25, 395
2016/1/26, 293
2016/1/27, 384
2016/1/28, 325
2016/1/29, 328
2016/1/30, 384
2016/1/31, 378
2016/2/1, 314
2016/2/2, 184
2016/2/3, 195
2016/2/4, 220
2016/2/5, 195
2016/2/6, 275
2016/2/7, 314
2016/2/8, 247
2016/2/9, 195
2016/2/10, 255
2016/2/11, 276
2016/2/12, 181
2016/2/13, 182
2016/2/14, 164
2016/2/15, 172
2016/2/16, 174
2016/2/17, 180
2016/2/18, 184
2016/2/19, 217
2016/2/20, 268
2016/2/21, 213
2016/2/22, 143
2016/2/23, 144
2016/2/24, 149
2016/2/25, 210
2016/2/26, 182
2016/2/27, 189
2016/2/28, 207
2016/2/29, 244
2016/3/1, 214
2016/3/2, 253
2016/3/3, 195
2016/3/4, 190
2016/3/5, 177
2016/3/6, 107
2016/3/7, 104
2016/3/8, 168
2016/3/9, 147
2016/3/10, 182
2016/3/11, 210
2016/3/12, 158
2016/3/13, 98
2016/3/14, 71
2016/3/15, 97
2016/3/16, 143
2016/3/17, 145
2016/3/18, 120
2016/3/19, 142
2016/3/22, 71
2016/3/23, 76
2016/3/24, 123
2016/3/25, 202
2016/3/26, 181
2016/3/27, 108
2016/3/28, 96
2016/3/29, 132
2016/3/30, 160
2016/3/31, 163
2016/4/1, 151
2015/10/2, 136
2015/10/3, 149
2015/10/4, 143
2015/10/5, 147
2015/10/6, 162
2015/10/7, 165
2015/10/8, 180
2015/10/9, 170
2015/10/10, 151
2015/10/11, 133
2015/10/12, 126
2015/10/13, 142
2015/10/14, 164
2015/10/15, 156
2015/10/16, 163
2015/10/17, 181
2015/10/18, 192
2015/10/19, 226
2015/10/20, 220
2015/10/21, 212
2015/10/22, 221
2015/10/27, 153
2015/10/28, 176
2015/10/29, 163
2015/10/30, 143
2015/10/31, 165
2015/11/1, 263
2015/11/2, 271
2015/11/3, 224
2015/11/4, 257
2015/11/5, 315
2015/11/6, 214
2015/11/7, 215
2015/11/8, 413
2015/11/9, 298
2015/11/10, 231
2015/11/11, 305
2015/11/12, 258
2015/11/13, 319
2015/11/14, 390
2015/11/15, 317
2015/11/16, 265
2015/11/17, 217
2015/11/18, 196
2015/11/19, 230
2015/11/20, 254
2015/11/21, 316
2015/11/22, 325
2015/11/23, 307
2015/11/24, 328
2015/11/25, 326
2015/11/26, 223
2015/11/27, 212
2015/11/28, 243
2015/11/29, 300
2015/11/30, 339
2015/12/1, 385
2015/12/2, 267
2015/12/3, 247
2015/12/4, 279
2015/12/5, 247
2015/12/6, 301
2015/12/7, 356
2015/12/8, 332
2015/12/9, 338
2015/12/10, 352
2015/12/11, 313
2015/12/12, 318
2015/12/13, 306
2015/12/14, 224
2015/12/15, 227
2015/12/16, 216
2015/12/17, 223
2015/12/18, 287
2015/12/19, 327
2015/12/20, 302
2015/12/21, 310
2015/12/22, 310
2015/12/23, 371
2015/12/24, 452
2015/12/25, 286
2015/12/26, 236
2015/12/27, 262
2015/12/28, 307
2015/12/29, 252
2015/12/30, 256
2015/12/31, 268
2016/1/4, 342
2015/7/2, 110
2015/7/3, 102
2015/7/4, 105
2015/7/5, 126
2015/7/6, 183
2015/7/7, 105
2015/7/8, 69
2015/7/9, 125
2015/7/10, 113
2015/7/11, 91
2015/7/12, 64
2015/7/13, 66
2015/7/14, 77
2015/7/15, 96
2015/7/18, 142
2015/7/19, 131
2015/7/20, 124
2015/7/21, 87
2015/7/22, 74
2015/7/23, 71
2015/7/24, 65
2015/7/25, 78
2015/7/28, 34
2015/7/29, 32
2015/7/30, 35
2015/7/31, 22
2015/8/1, 55
2015/8/2, 63
2015/8/3, 78
2015/8/4, 75
2015/8/5, 82
2015/8/6, 110
2015/8/7, 111
2015/8/8, 92
2015/8/9, 120
2015/8/10, 92
2015/8/11, 141
2015/8/12, 135
2015/8/13, 91
2015/8/14, 118
2015/8/15, 117
2015/8/16, 88
2015/8/17, 87
2015/8/18, 108
2015/8/19, 103
2015/8/20, 47
2015/8/21, 57
2015/8/22, 70
2015/8/23, 80
2015/8/24, 85
2015/8/25, 71
2015/8/26, 81
2015/8/27, 86
2015/8/28, 102
2015/8/29, 149
2015/8/30, 111
2015/8/31, 88
2015/9/1, 80
2015/9/2, 108
2015/9/3, 147
2015/9/4, 150
2015/9/5, 137
2015/9/6, 119
2015/9/7, 107
2015/9/8, 100
2015/9/9, 110
2015/9/10, 99
2015/9/11, 107
2015/9/12, 134
2015/9/13, 154
2015/9/14, 158
2015/9/15, 169
2015/9/16, 167
2015/9/17, 163
2015/9/18, 167
2015/9/19, 108
2015/9/20, 134
2015/9/21, 117
2015/9/22, 72
2015/9/23, 72
2015/9/24, 38
2015/9/25, 84
2015/9/26, 112
2015/9/27, 121
2015/9/28, 138
2015/9/29, 126
2015/9/30, 133
2015/10/1, 98
2015/4/2, 152
2015/4/3, 156
2015/4/4, 105
2015/4/5, 84
2015/4/6, 113
2015/4/7, 168
2015/4/8, 140
2015/4/9, 154
2015/4/10, 146
2015/4/11, 135
2015/4/12, 143
2015/4/13, 109
2015/4/14, 134
2015/4/15, 128
2015/4/16, 131
2015/4/17, 118
2015/4/18, 126
2015/4/19, 165
2015/4/20, 165
2015/4/21, 172
2015/4/22, 152
2015/4/23, 142
2015/4/24, 131
2015/4/25, 171
2015/4/26, 159
2015/4/27, 90
2015/4/28, 127
2015/4/29, 110
2015/4/30, 111
2015/5/1, 130
2015/5/2, 116
2015/5/3, 129
2015/5/4, 176
2015/5/5, 151
2015/5/6, 183
2015/5/7, 187
2015/5/8, 156
2015/5/9, 158
2015/5/10, 161
2015/5/11, 155
2015/5/12, 156
2015/5/13, 159
2015/5/14, 129
2015/5/15, 133
2015/5/16, 141
2015/5/17, 157
2015/5/18, 141
2015/5/19, 135
2015/5/20, 103
2015/5/21, 132
2015/5/22, 146
2015/5/23, 121
2015/5/24, 114
2015/5/25, 145
2015/5/26, 154
2015/5/27, 150
2015/5/28, 137
2015/5/29, 189
2015/5/30, 148
2015/5/31, 145
2015/6/1, 131
2015/6/2, 91
2015/6/3, 61
2015/6/4, 108
2015/6/5, 137
2015/6/6, 172
2015/6/7, 136
2015/6/8, 137
2015/6/9, 136
2015/6/10, 153
2015/6/11, 95
2015/6/12, 131
2015/6/13, 86
2015/6/14, 96
2015/6/15, 113
2015/6/16, 159
2015/6/17, 160
2015/6/18, 163
2015/6/19, 170
2015/6/20, 163
2015/6/21, 103
2015/6/22, 79
2015/6/23, 114
2015/6/24, 132
2015/6/25, 170
2015/6/26, 86
2015/6/27, 131
2015/6/28, 112
2015/6/29, 125
2015/6/30, 99
2015/7/1, 103
2015/1/2, 272
2015/1/3, 293
2015/1/4, 173
2015/1/5, 190
2015/1/6, 191
2015/1/7, 190
2015/1/8, 249
2015/1/9, 265
2015/1/10, 306
2015/1/11, 298
2015/1/12, 285
2015/1/13, 301
2015/1/14, 298
2015/1/15, 276
2015/1/16, 253
2015/1/17, 259
2015/1/18, 261
2015/1/19, 280
2015/1/20, 260
2015/1/21, 259
2015/1/22, 263
2015/1/23, 238
2015/1/24, 176
2015/1/25, 168
2015/1/26, 181
2015/1/27, 199
2015/1/28, 213
2015/1/29, 199
2015/1/30, 218
2015/1/31, 208
2015/2/1, 181
2015/2/2, 264
2015/2/3, 244
2015/2/4, 212
2015/2/5, 190
2015/2/6, 177
2015/2/7, 195
2015/2/8, 207
2015/2/9, 197
2015/2/10, 179
2015/2/11, 172
2015/2/12, 187
2015/2/13, 211
2015/2/14, 197
2015/2/15, 185
2015/2/16, 221
2015/2/17, 224
2015/2/18, 206
2015/2/19, 225
2015/2/20, 228
2015/2/21, 200
2015/2/22, 179
2015/2/23, 160
2015/2/24, 175
2015/2/25, 226
2015/2/26, 210
2015/2/27, 176
2015/2/28, 158
2015/3/1, 160
2015/3/2, 174
2015/3/4, 131
2015/3/5, 161
2015/3/6, 169
2015/3/7, 177
2015/3/8, 132
2015/3/9, 122
2015/3/10, 107
2015/3/11, 148
2015/3/12, 172
2015/3/13, 190
2015/3/14, 186
2015/3/15, 169
2015/3/16, 91
2015/3/17, 80
2015/3/18, 134
2015/3/19, 139
2015/3/20, 135
2015/3/21, 160
2015/3/22, 166
2015/3/23, 160
2015/3/24, 152
2015/3/25, 154
2015/3/26, 164
2015/3/27, 179
2015/3/28, 141
2015/3/29, 150
2015/3/30, 173
2015/3/31, 134
2015/4/1, 79
2014/12/11, 231
2014/12/12, 201
2014/12/13, 237
2014/12/14, 295
2014/12/15, 185
2014/12/16, 160
2014/12/17, 184
2014/12/18, 216
2014/12/19, 239
2014/12/20, 336
2014/12/21, 342
2014/12/22, 254
2014/12/23, 414
2014/12/24, 372
2014/12/25, 413
2014/12/26, 393
2014/12/27, 289
2014/12/28, 274
2014/12/29, 383